序号,股票代码,股票名称,占净值比例,持股数,持仓市值,季度
1,600519,贵州茅台,9.9,86.66,125656.71,2026年1季度股票投资明细
2,000333,美的集团,9.64,1601.52,122275.9,2026年1季度股票投资明细
3,000858,五粮液,8.74,1073.79,110890.26,2026年1季度股票投资明细
4,600809,山西汾酒,8.5,753.91,107854.22,2026年1季度股票投资明细
5,002594,比亚迪,6.51,785.15,82637.27,2026年1季度股票投资明细
6,600660,福耀玻璃,6.33,1408.05,80258.89,2026年1季度股票投资明细
7,000568,泸州老窖,5.0,605.54,63387.49,2026年1季度股票投资明细
8,000596,古井贡酒,4.39,541.1,55652.61,2026年1季度股票投资明细
9,601633,长城汽车,4.24,2605.25,53746.4,2026年1季度股票投资明细
10,603129,春风动力,3.99,221.22,50571.28,2026年1季度股票投资明细
11,600519,贵州茅台,9.77,80.0,94838.96,2026年2季度股票投资明细
12,000333,美的集团,9.31,1196.52,90372.87,2026年2季度股票投资明细
13,600809,山西汾酒,8.5,753.91,82455.03,2026年2季度股票投资明细
14,002594,比亚迪,7.96,969.5,77269.44,2026年2季度股票投资明细
15,600660,福耀玻璃,7.86,1513.12,76321.56,2026年2季度股票投资明细
16,603129,春风动力,5.66,214.58,54890.51,2026年2季度股票投资明细
17,601058,赛轮轮胎,5.09,4281.25,49362.78,2026年2季度股票投资明细
18,000568,泸州老窖,5.0,626.45,48562.21,2026年2季度股票投资明细
19,000596,古井贡酒,4.45,541.1,43180.15,2026年2季度股票投资明细
20,603288,海天味业,4.0,1170.36,38809.23,2026年2季度股票投资明细
