unit_id,unit_name,unit_type,iso3,region,lat,lon,natural_dimension,primary_resource,resource_role,production_proxy,reserve_proxy,constraint_level,climate_zone,water_stress,logistics_access,update_frequency,source_status,confidence,notes
SAU_OIL,Saudi Arabia oil system,country_resource,SAU,Middle East,23.8859,45.0792,resource_endowment,crude oil,energy supply,high,high,medium,arid,high,medium,quarterly,seed_unverified,low,Qualitative seed row for energy resource concentration.
AUS_IRON,Australia iron ore system,country_resource,AUS,Oceania,-25.2744,133.7751,resource_endowment,iron ore,industrial raw material,high,high,medium,arid_temperate,medium,medium,quarterly,seed_unverified,low,Qualitative seed row for bulk mineral supply.
CHN_INDUSTRY,China industrial capacity,country_capacity,CHN,East Asia,35.8617,104.1954,population_capacity,manufacturing capacity,processing and demand,high,medium,medium,temperate_monsoon,medium,high,monthly,seed_unverified,low,Represents large-scale production and demand capacity.
USA_ARABLE,United States arable and energy base,country_capacity,USA,North America,37.0902,-95.7129,population_capacity,arable land and energy,food energy and demand,high,high,low,temperate,low,high,quarterly,seed_unverified,low,Qualitative seed row for food energy and logistics capacity.
BRA_WATER,Brazil water and biomass system,country_resource,BRA,South America,-14.2350,-51.9253,climate_water,freshwater and biomass,water food and ecosystem,medium,high,medium,tropical,low,medium,quarterly,seed_unverified,low,Qualitative seed row for water and biomass endowment.
RUS_GAS,Russia gas and northern resource system,country_resource,RUS,Eurasia,61.5240,105.3188,resource_endowment,natural gas,energy supply,high,high,high,cold_continental,low,medium,quarterly,seed_unverified,low,Qualitative seed row for energy resource and climate/logistics constraints.
COD_COBALT,DR Congo cobalt system,country_resource,COD,Africa,-4.0383,21.7587,resource_endowment,cobalt,battery metal supply,medium,high,high,tropical,medium,low,quarterly,seed_unverified,low,Qualitative seed row for strategic mineral concentration and infrastructure constraint.
CHL_COPPER,Chile copper system,country_resource,CHL,South America,-35.6751,-71.5430,resource_endowment,copper,industrial and electrification metal,high,high,medium,arid_temperate,high,medium,quarterly,seed_unverified,low,Qualitative seed row for copper and water constraint.
IDN_NICKEL,Indonesia nickel system,country_resource,IDN,Southeast Asia,-0.7893,113.9213,resource_endowment,nickel,battery and stainless steel metal,high,high,medium,tropical,medium,medium,quarterly,seed_unverified,low,Qualitative seed row for nickel supply.
ZAF_PGM,South Africa platinum group metals,country_resource,ZAF,Africa,-30.5595,22.9375,resource_endowment,platinum group metals,industrial and catalytic metal,medium,high,medium,semi_arid,medium,medium,quarterly,seed_unverified,low,Qualitative seed row for PGM concentration.
IND_POP,India population and demand base,country_capacity,IND,South Asia,20.5937,78.9629,population_capacity,population and arable land,labor demand and food system,high,medium,medium,tropical_monsoon,medium,medium,monthly,seed_unverified,low,Represents population scale and food-demand pressure.
CAN_WATER,Canada water energy and cold-zone system,country_resource,CAN,North America,56.1304,-106.3468,climate_water,freshwater energy and minerals,water energy and minerals,medium,high,medium,cold_temperate,low,medium,quarterly,seed_unverified,low,Qualitative seed row for water energy and cold-zone constraints.
