industry_id,industry_code,industry_name,classification_system,source,source_status,observed_at,network_active
INDUSTRY_b5ff8607e606f7dd55ba,J66,货币金融服务,证监会行业分类,BaoStock query_stock_industry,imported_unverified,2026-08-16T13:48:42+00:00,True
INDUSTRY_aff052295ad57fe9c64a,G56,航空运输业,证监会行业分类,BaoStock query_stock_industry,imported_unverified,2026-08-16T13:48:42+00:00,True
INDUSTRY_e7fb954d2ab5bf5bc733,C36,汽车制造业,证监会行业分类,BaoStock query_stock_industry,imported_unverified,2026-08-16T13:48:42+00:00,True
INDUSTRY_465aebe5f53921515851,K70,房地产业,证监会行业分类,BaoStock query_stock_industry,imported_unverified,2026-08-16T13:48:42+00:00,True
INDUSTRY_7f6973b5c1a2122e9e27,D46,水的生产和供应业,证监会行业分类,BaoStock query_stock_industry,imported_unverified,2026-08-16T13:48:42+00:00,True
INDUSTRY_f54ff34c4bdec689eff1,C31,黑色金属冶炼和压延加工业,证监会行业分类,BaoStock query_stock_industry,imported_unverified,2026-08-16T13:48:42+00:00,True
INDUSTRY_f9da9c9738f21980b6d7,D44,电力、热力生产和供应业,证监会行业分类,BaoStock query_stock_industry,imported_unverified,2026-08-16T13:48:42+00:00,True
INDUSTRY_78ad5e2bbce7305748bd,G54,道路运输业,证监会行业分类,BaoStock query_stock_industry,imported_unverified,2026-08-16T13:48:42+00:00,True
INDUSTRY_3553a2b402e33a129417,G55,水上运输业,证监会行业分类,BaoStock query_stock_industry,imported_unverified,2026-08-16T13:48:42+00:00,True
INDUSTRY_6e59023629c5a35ea710,B07,石油和天然气开采业,证监会行业分类,BaoStock query_stock_industry,imported_unverified,2026-08-16T13:48:42+00:00,True
INDUSTRY_963e913f30a1f4833ac7,J67,资本市场服务,证监会行业分类,BaoStock query_stock_industry,imported_unverified,2026-08-16T13:48:42+00:00,True
INDUSTRY_3875d79da62b4dff67e8,C35,专用设备制造业,证监会行业分类,BaoStock query_stock_industry,imported_unverified,2026-08-16T13:48:42+00:00,True
INDUSTRY_a1191d63decae1d34c73,I63,电信、广播电视和卫星传输服务,证监会行业分类,BaoStock query_stock_industry,imported_unverified,2026-08-16T13:48:42+00:00,True
INDUSTRY_ad86b4a2a3856ba2d571,C37,铁路、船舶、航空航天和其他运输设备制造业,证监会行业分类,BaoStock query_stock_industry,imported_unverified,2026-08-16T13:48:42+00:00,True
INDUSTRY_17cf2674a1f785e3272e,E48,土木工程建筑业,证监会行业分类,BaoStock query_stock_industry,imported_unverified,2026-08-16T13:48:42+00:00,True
INDUSTRY_8c865bedc2ef9574d2e5,F51,批发业,证监会行业分类,BaoStock query_stock_industry,imported_unverified,2026-08-16T13:48:42+00:00,True
INDUSTRY_91e10380fe1770769bdb,L72,商务服务业,证监会行业分类,BaoStock query_stock_industry,imported_unverified,2026-08-16T13:48:42+00:00,True
INDUSTRY_1233924bed568c1b168b,N78,公共设施管理业,证监会行业分类,BaoStock query_stock_industry,imported_unverified,2026-08-16T13:48:42+00:00,True
INDUSTRY_c8598f31bb2607e3007b,C15,酒、饮料和精制茶制造业,证监会行业分类,BaoStock query_stock_industry,imported_unverified,2026-08-16T13:48:42+00:00,True
INDUSTRY_90d9ee5bdc1ee446fff0,C39,计算机、通信和其他电子设备制造业,证监会行业分类,BaoStock query_stock_industry,imported_unverified,2026-08-16T13:48:42+00:00,True
INDUSTRY_eb1bb5863556657a5ed0,C27,医药制造业,证监会行业分类,BaoStock query_stock_industry,imported_unverified,2026-08-16T13:48:42+00:00,True
INDUSTRY_af522b5025b7206d78cb,C26,化学原料和化学制品制造业,证监会行业分类,BaoStock query_stock_industry,imported_unverified,2026-08-16T13:48:42+00:00,True
INDUSTRY_b90e93f47f56746b9938,C38,电气机械和器材制造业,证监会行业分类,BaoStock query_stock_industry,imported_unverified,2026-08-16T13:48:42+00:00,True
INDUSTRY_735889820fa0518be404,C40,仪器仪表制造业,证监会行业分类,BaoStock query_stock_industry,imported_unverified,2026-08-16T13:48:42+00:00,True
INDUSTRY_06f2dd83830b4e6e7446,C13,农副食品加工业,证监会行业分类,BaoStock query_stock_industry,imported_unverified,2026-08-16T13:48:42+00:00,True
INDUSTRY_c49db8c55c2b36c315c6,C20,木材加工和木、竹、藤、棕、草制品业,证监会行业分类,BaoStock query_stock_industry,imported_unverified,2026-08-16T13:48:42+00:00,True
INDUSTRY_a3b7ae0c6bfa4b2b7bfb,R87,广播、电视、电影和录音制作业,证监会行业分类,BaoStock query_stock_industry,imported_unverified,2026-08-16T13:48:42+00:00,True
INDUSTRY_9ce480240011dacb27f8,A04,渔业,证监会行业分类,BaoStock query_stock_industry,imported_unverified,2026-08-16T13:48:42+00:00,True
INDUSTRY_ee7eb75e38ebcde947a9,C22,造纸和纸制品业,证监会行业分类,BaoStock query_stock_industry,imported_unverified,2026-08-16T13:48:42+00:00,True
INDUSTRY_857cc70f4407799bbfbc,C18,纺织服装、服饰业,证监会行业分类,BaoStock query_stock_industry,imported_unverified,2026-08-16T13:48:42+00:00,True
INDUSTRY_f8cb7f30edbaa3a4825a,A01,农业,证监会行业分类,BaoStock query_stock_industry,imported_unverified,2026-08-16T13:48:42+00:00,True
INDUSTRY_fc163d1647ca522ec4cd,C32,有色金属冶炼和压延加工业,证监会行业分类,BaoStock query_stock_industry,imported_unverified,2026-08-16T13:48:42+00:00,True
INDUSTRY_be6d1ff74018fda3a9a4,C33,金属制品业,证监会行业分类,BaoStock query_stock_industry,imported_unverified,2026-08-16T13:48:42+00:00,True
INDUSTRY_7ee4f97d9c6b6c9f19de,J69,其他金融业,证监会行业分类,BaoStock query_stock_industry,imported_unverified,2026-08-16T13:48:42+00:00,True
INDUSTRY_bd64f2d1a81c9866dda4,B06,煤炭开采和洗选业,证监会行业分类,BaoStock query_stock_industry,imported_unverified,2026-08-16T13:48:42+00:00,True
INDUSTRY_8ea363eb92f9e2d3a89e,G53,铁路运输业,证监会行业分类,BaoStock query_stock_industry,imported_unverified,2026-08-16T13:48:42+00:00,True
INDUSTRY_fcb657f75803ca816490,I65,软件和信息技术服务业,证监会行业分类,BaoStock query_stock_industry,imported_unverified,2026-08-16T13:48:42+00:00,True
INDUSTRY_ee9bbaf36a819df8934d,N77,生态保护和环境治理业,证监会行业分类,BaoStock query_stock_industry,imported_unverified,2026-08-16T13:48:42+00:00,True
INDUSTRY_b62fae243f391f69617b,C29,橡胶和塑料制品业,证监会行业分类,BaoStock query_stock_industry,imported_unverified,2026-08-16T13:48:42+00:00,True
INDUSTRY_a971ce8c4913016d33d1,C17,纺织业,证监会行业分类,BaoStock query_stock_industry,imported_unverified,2026-08-16T13:48:42+00:00,True
INDUSTRY_a235e1f3ff04f36f606b,R89,体育,证监会行业分类,BaoStock query_stock_industry,imported_unverified,2026-08-16T13:48:42+00:00,True
INDUSTRY_d6545b48534350ac41c9,E47,房屋建筑业,证监会行业分类,BaoStock query_stock_industry,imported_unverified,2026-08-16T13:48:42+00:00,True
INDUSTRY_7063d42ae24daea94a9c,C30,非金属矿物制品业,证监会行业分类,BaoStock query_stock_industry,imported_unverified,2026-08-16T13:48:42+00:00,True
INDUSTRY_05c09799f5cd1d96eaf2,G58,多式联运和运输代理业,证监会行业分类,BaoStock query_stock_industry,imported_unverified,2026-08-16T13:48:42+00:00,True
INDUSTRY_34765f16a5c28d382e0e,C14,食品制造业,证监会行业分类,BaoStock query_stock_industry,imported_unverified,2026-08-16T13:48:42+00:00,True
INDUSTRY_35fe091671cdb8d5f5e0,C34,通用设备制造业,证监会行业分类,BaoStock query_stock_industry,imported_unverified,2026-08-16T13:48:42+00:00,True
INDUSTRY_2c3b8b7969b736730fe1,C42,废弃资源综合利用业,证监会行业分类,BaoStock query_stock_industry,imported_unverified,2026-08-16T13:48:42+00:00,True
INDUSTRY_9f7679f9ad900c7a65d2,I64,互联网和相关服务,证监会行业分类,BaoStock query_stock_industry,imported_unverified,2026-08-16T13:48:42+00:00,True
INDUSTRY_979f61913dc6006fe56d,R86,新闻和出版业,证监会行业分类,BaoStock query_stock_industry,imported_unverified,2026-08-16T13:48:42+00:00,True
INDUSTRY_75157574f5864bd79d04,G60,邮政业,证监会行业分类,BaoStock query_stock_industry,imported_unverified,2026-08-16T13:48:42+00:00,True
INDUSTRY_1395c3d9f1fe1a080e75,E50,建筑装饰、装修和其他建筑业,证监会行业分类,BaoStock query_stock_industry,imported_unverified,2026-08-16T13:48:42+00:00,True
INDUSTRY_1d3ab83e303b9057212b,H61,住宿业,证监会行业分类,BaoStock query_stock_industry,imported_unverified,2026-08-16T13:48:42+00:00,True
INDUSTRY_515421a19bebcbe891cf,B09,有色金属矿采选业,证监会行业分类,BaoStock query_stock_industry,imported_unverified,2026-08-16T13:48:42+00:00,True
INDUSTRY_4fb51c32200208ed64a8,F52,零售业,证监会行业分类,BaoStock query_stock_industry,imported_unverified,2026-08-16T13:48:42+00:00,True
INDUSTRY_dfb3dd085310dba8a2e0,Q84,卫生,证监会行业分类,BaoStock query_stock_industry,imported_unverified,2026-08-16T13:48:42+00:00,True
INDUSTRY_2b12590880b654376532,D45,燃气生产和供应业,证监会行业分类,BaoStock query_stock_industry,imported_unverified,2026-08-16T13:48:42+00:00,True
INDUSTRY_93d93f4712457bea147b,B11,开采专业及辅助性活动,证监会行业分类,BaoStock query_stock_industry,imported_unverified,2026-08-16T13:48:42+00:00,True
INDUSTRY_b767e92ab1f7435c1ef3,A05,农、林、牧、渔专业及辅助性活动,证监会行业分类,BaoStock query_stock_industry,imported_unverified,2026-08-16T13:48:42+00:00,True
INDUSTRY_7c3681bb5aa78d36021c,B08,黑色金属矿采选业,证监会行业分类,BaoStock query_stock_industry,imported_unverified,2026-08-16T13:48:42+00:00,True
INDUSTRY_3e41c6b832b570c4f5d1,C19,皮革、毛皮、羽毛及其制品和制鞋业,证监会行业分类,BaoStock query_stock_industry,imported_unverified,2026-08-16T13:48:42+00:00,True
INDUSTRY_c8bacf718e8395c6b293,P83,教育,证监会行业分类,BaoStock query_stock_industry,imported_unverified,2026-08-16T13:48:42+00:00,True
INDUSTRY_cfd4139bf05e5a91c076,C25,石油、煤炭及其他燃料加工业,证监会行业分类,BaoStock query_stock_industry,imported_unverified,2026-08-16T13:48:42+00:00,True
INDUSTRY_c6634e4fb00885448aae,C28,化学纤维制造业,证监会行业分类,BaoStock query_stock_industry,imported_unverified,2026-08-16T13:48:42+00:00,True
INDUSTRY_4b6bcfe2a650f11508e5,C24,文教、工美、体育和娱乐用品制造业,证监会行业分类,BaoStock query_stock_industry,imported_unverified,2026-08-16T13:48:42+00:00,True
INDUSTRY_69f4e65a739a15d12412,S91,综合,证监会行业分类,BaoStock query_stock_industry,imported_unverified,2026-08-16T13:48:42+00:00,True
INDUSTRY_731992a46c7dd8525c17,M74,专业技术服务业,证监会行业分类,BaoStock query_stock_industry,imported_unverified,2026-08-16T13:48:42+00:00,True
INDUSTRY_f07066d9ed35c8253165,M73,研究和试验发展,证监会行业分类,BaoStock query_stock_industry,imported_unverified,2026-08-16T13:48:42+00:00,True
INDUSTRY_6dac68c9cedde793b110,C41,其他制造业,证监会行业分类,BaoStock query_stock_industry,imported_unverified,2026-08-16T13:48:42+00:00,True
INDUSTRY_80c8af8374922c2e32d6,G59,装卸搬运和仓储业,证监会行业分类,BaoStock query_stock_industry,imported_unverified,2026-08-16T13:48:42+00:00,True
INDUSTRY_9b846d32ce44d8ac60c7,A03,畜牧业,证监会行业分类,BaoStock query_stock_industry,imported_unverified,2026-08-16T13:48:42+00:00,True
INDUSTRY_35b3bef69b463d0eb123,L71,租赁业,证监会行业分类,BaoStock query_stock_industry,imported_unverified,2026-08-16T13:48:42+00:00,True
INDUSTRY_7f01ad7e3c5948bb7c6b,E49,建筑安装业,证监会行业分类,BaoStock query_stock_industry,imported_unverified,2026-08-16T13:48:42+00:00,True
INDUSTRY_91664492bd91e0beb541,J68,保险业,证监会行业分类,BaoStock query_stock_industry,imported_unverified,2026-08-16T13:48:42+00:00,True
INDUSTRY_1ed3dfcfe2bd74cd71b3,C21,家具制造业,证监会行业分类,BaoStock query_stock_industry,imported_unverified,2026-08-16T13:48:42+00:00,True
INDUSTRY_d4840241b65679c56046,C23,印刷和记录媒介复制业,证监会行业分类,BaoStock query_stock_industry,imported_unverified,2026-08-16T13:48:42+00:00,True
INDUSTRY_65242cf4a739f88728f5,R88,文化艺术业,证监会行业分类,BaoStock query_stock_industry,imported_unverified,2026-08-16T13:48:42+00:00,True
INDUSTRY_8fab289e14a3787baa9b,B10,非金属矿采选业,证监会行业分类,BaoStock query_stock_industry,imported_unverified,2026-08-16T13:48:42+00:00,True
INDUSTRY_fe99163509953259196a,H62,餐饮业,证监会行业分类,BaoStock query_stock_industry,imported_unverified,2026-08-16T13:48:42+00:00,True
INDUSTRY_19bc5eab15217aa93ba8,M75,科技推广和应用服务业,证监会行业分类,BaoStock query_stock_industry,imported_unverified,2026-08-16T13:48:42+00:00,True
INDUSTRY_bee9571cb6d947de577f,A02,林业,证监会行业分类,BaoStock query_stock_industry,imported_unverified,2026-08-16T13:48:42+00:00,True
INDUSTRY_a5ef4ae00fe6ee6051c6,C43,金属制品、机械和设备修理业,证监会行业分类,BaoStock query_stock_industry,imported_unverified,2026-08-16T13:48:42+00:00,True
INDUSTRY_c54d6305ab09fdcbf8d5,N76,水利管理业,证监会行业分类,BaoStock query_stock_industry,imported_unverified,2026-08-16T13:48:42+00:00,True
INDUSTRY_8576cdebb649261b5de7,O81,机动车、电子产品和日用产品修理业,证监会行业分类,BaoStock query_stock_industry,imported_unverified,2026-08-16T13:48:42+00:00,True
