change_id,fund_id,fund_code,previous_period_end,current_period_end,instrument_id,security_name,comparison_status,previous_shares,current_shares,share_change,previous_market_value,current_market_value,market_value_change,previous_portfolio_weight,current_portfolio_weight,portfolio_weight_change,available_time,availability_policy,method,evidence_kind,source_record_ids,quality_status
FUND_HOLDING_CHANGE_6f28ae62d01274ef7f77,PUBLIC_FUND_000001,000001,2026-03-31,2026-06-30,002371.SZ,北方华创,present_in_both_disclosures,164200.0,164200.0,0.0,73409900.0,145269500.0,71859600.0,0.0278,0.0369,0.009100000000000004,2026-07-21T23:59:59+08:00,available_after_current_report_announcement_date_end,adjacent_disclosed_holding_set_comparison_no_trade_attribution,derived_interval_observation,FUND_HOLDING_37383a00a41d0cb659d3|FUND_HOLDING_0cb61792e37c0a33a612,top_holdings_only_absence_is_not_zero_position
FUND_HOLDING_CHANGE_a0d9a792a095b045711e,PUBLIC_FUND_000001,000001,2026-03-31,2026-06-30,300308.SZ,中际旭创,present_in_both_disclosures,200000.0,200000.0,0.0,113882000.0,254000000.0,140118000.0,0.0431,0.0645,0.021400000000000002,2026-07-21T23:59:59+08:00,available_after_current_report_announcement_date_end,adjacent_disclosed_holding_set_comparison_no_trade_attribution,derived_interval_observation,FUND_HOLDING_d23fef3c8d9ee3d4aaae|FUND_HOLDING_1962d8528b523a3b5186,top_holdings_only_absence_is_not_zero_position
FUND_HOLDING_CHANGE_d63ba94a3bff9f08c676,PUBLIC_FUND_000001,000001,2026-03-31,2026-06-30,688012.SH,中微公司,present_in_both_disclosures,265400.0,395400.0,130000.0,81308000.0,185254700.0,103946700.0,0.0307,0.047,0.0163,2026-07-21T23:59:59+08:00,available_after_current_report_announcement_date_end,adjacent_disclosed_holding_set_comparison_no_trade_attribution,derived_interval_observation,FUND_HOLDING_eb7c4ae2b8d46178201f|FUND_HOLDING_3bdda41641d51cc16264,top_holdings_only_absence_is_not_zero_position
FUND_HOLDING_CHANGE_e37019e712fa30ccc511,PUBLIC_FUND_000001,000001,2026-03-31,2026-06-30,688019.SH,安集科技,left_disclosed_set_actual_current_position_unknown,282000.0,,,70680200.0,,,0.0267,,,2026-07-21T23:59:59+08:00,available_after_current_report_announcement_date_end,adjacent_disclosed_holding_set_comparison_no_trade_attribution,derived_interval_observation,FUND_HOLDING_d4c3c942b7fa9ea4c2b4,top_holdings_only_absence_is_not_zero_position
FUND_HOLDING_CHANGE_3491cbff1134a2819702,PUBLIC_FUND_000001,000001,2026-03-31,2026-06-30,688037.SH,芯源微,entered_disclosed_set_actual_prior_position_unknown,,280000.0,,,122954600.0,,,0.0312,,2026-07-21T23:59:59+08:00,available_after_current_report_announcement_date_end,adjacent_disclosed_holding_set_comparison_no_trade_attribution,derived_interval_observation,FUND_HOLDING_f53c7d59f3fedecd1b7e,top_holdings_only_absence_is_not_zero_position
FUND_HOLDING_CHANGE_fd8be9bfbac8e3a175a8,PUBLIC_FUND_000001,000001,2026-03-31,2026-06-30,688041.SH,海光信息,present_in_both_disclosures,312400.0,336500.0,24100.0,65687300.0,124607100.0,58919800.0,0.0248,0.0316,0.006800000000000004,2026-07-21T23:59:59+08:00,available_after_current_report_announcement_date_end,adjacent_disclosed_holding_set_comparison_no_trade_attribution,derived_interval_observation,FUND_HOLDING_a8020312fca6c91a397d|FUND_HOLDING_889dbf9d136aded0ebb1,top_holdings_only_absence_is_not_zero_position
FUND_HOLDING_CHANGE_451eab2b1917772b2c87,PUBLIC_FUND_000001,000001,2026-03-31,2026-06-30,688072.SH,拓荆科技,present_in_both_disclosures,158200.0,171700.0,13500.0,58520700.0,151036400.0,92515700.0,0.0221,0.0384,0.016299999999999995,2026-07-21T23:59:59+08:00,available_after_current_report_announcement_date_end,adjacent_disclosed_holding_set_comparison_no_trade_attribution,derived_interval_observation,FUND_HOLDING_e2006eee1004fbb87bfe|FUND_HOLDING_cae225ecd64b14c4ee8f,top_holdings_only_absence_is_not_zero_position
FUND_HOLDING_CHANGE_83c0b1c6b485a543e8c2,PUBLIC_FUND_000001,000001,2026-03-31,2026-06-30,688120.SH,华海清科,present_in_both_disclosures,362000.0,524900.0,162900.0,62988000.0,169109400.0,106121400.0,0.0238,0.0429,0.0191,2026-07-21T23:59:59+08:00,available_after_current_report_announcement_date_end,adjacent_disclosed_holding_set_comparison_no_trade_attribution,derived_interval_observation,FUND_HOLDING_5a1db250b638ceaf3372|FUND_HOLDING_0ac97a8e5f6e1633335c,top_holdings_only_absence_is_not_zero_position
FUND_HOLDING_CHANGE_76fa30f2fd3bf33ea471,PUBLIC_FUND_000001,000001,2026-03-31,2026-06-30,688256.SH,寒武纪,present_in_both_disclosures,63100.0,93900.0,30800.0,61978200.0,149893900.0,87915700.0,0.0234,0.0381,0.014700000000000001,2026-07-21T23:59:59+08:00,available_after_current_report_announcement_date_end,adjacent_disclosed_holding_set_comparison_no_trade_attribution,derived_interval_observation,FUND_HOLDING_b717e5d52407e38778de|FUND_HOLDING_22e94d7c5c8b6f2335fe,top_holdings_only_absence_is_not_zero_position
FUND_HOLDING_CHANGE_56badaf9a9a98baa24a4,PUBLIC_FUND_000001,000001,2026-03-31,2026-06-30,688347.SH,华虹宏力,present_in_both_disclosures,700100.0,652000.0,-48100.0,74136800.0,219272000.0,145135200.0,0.028,0.0557,0.0277,2026-07-21T23:59:59+08:00,available_after_current_report_announcement_date_end,adjacent_disclosed_holding_set_comparison_no_trade_attribution,derived_interval_observation,FUND_HOLDING_e54fd6d6757a5d089f25|FUND_HOLDING_748dc9f60cbfb9764f4b,top_holdings_only_absence_is_not_zero_position
FUND_HOLDING_CHANGE_b1ce3945750af9e30d13,PUBLIC_FUND_000001,000001,2026-03-31,2026-06-30,688361.SH,中科飞测,present_in_both_disclosures,366900.0,466500.0,99600.0,55785600.0,200583400.0,144797800.0,0.0211,0.0509,0.0298,2026-07-21T23:59:59+08:00,available_after_current_report_announcement_date_end,adjacent_disclosed_holding_set_comparison_no_trade_attribution,derived_interval_observation,FUND_HOLDING_a2217a45de0d561948aa|FUND_HOLDING_f632d129b0f464de2268,top_holdings_only_absence_is_not_zero_position
FUND_HOLDING_CHANGE_25ed546db5db3380a90a,PUBLIC_FUND_003096,003096,2026-03-31,2026-06-30,002294.SZ,信立泰,left_disclosed_set_actual_current_position_unknown,23574800.0,,,1445371500.0,,,0.0572,,,2026-07-21T23:59:59+08:00,available_after_current_report_announcement_date_end,adjacent_disclosed_holding_set_comparison_no_trade_attribution,derived_interval_observation,FUND_HOLDING_4b4227c9ec40b27ee22f,top_holdings_only_absence_is_not_zero_position
FUND_HOLDING_CHANGE_d404e80522e4d91f24df,PUBLIC_FUND_003096,003096,2026-03-31,2026-06-30,002422.SZ,科伦药业,present_in_both_disclosures,41933300.0,52325400.0,10392100.0,1454664700.0,2015574800.0,560910100.0,0.0576,0.0814,0.0238,2026-07-21T23:59:59+08:00,available_after_current_report_announcement_date_end,adjacent_disclosed_holding_set_comparison_no_trade_attribution,derived_interval_observation,FUND_HOLDING_4788ced92105a35d9c3a|FUND_HOLDING_21f0216766936cd309b6,top_holdings_only_absence_is_not_zero_position
FUND_HOLDING_CHANGE_79baf6e1e16d53d3e599,PUBLIC_FUND_003096,003096,2026-03-31,2026-06-30,002653.SZ,海思科,present_in_both_disclosures,30108300.0,32191000.0,2082700.0,1634276900.0,2135548900.0,501272000.0,0.0647,0.0862,0.021500000000000005,2026-07-21T23:59:59+08:00,available_after_current_report_announcement_date_end,adjacent_disclosed_holding_set_comparison_no_trade_attribution,derived_interval_observation,FUND_HOLDING_979b0c8065bb43273c94|FUND_HOLDING_0bf3d6dfbf230067828c,top_holdings_only_absence_is_not_zero_position
FUND_HOLDING_CHANGE_c80ab56e2492124e04c8,PUBLIC_FUND_003096,003096,2026-03-31,2026-06-30,002821.SZ,凯莱英,present_in_both_disclosures,16319000.0,16161500.0,-157500.0,1807650100.0,2618164900.0,810514800.0,0.0715,0.1057,0.03420000000000001,2026-07-21T23:59:59+08:00,available_after_current_report_announcement_date_end,adjacent_disclosed_holding_set_comparison_no_trade_attribution,derived_interval_observation,FUND_HOLDING_63f2a8aecd01b28acc88|FUND_HOLDING_b5591e69aedacb5080c9,top_holdings_only_absence_is_not_zero_position
FUND_HOLDING_CHANGE_080a3de045b1a6df4c34,PUBLIC_FUND_003096,003096,2026-03-31,2026-06-30,300347.SZ,泰格医药,present_in_both_disclosures,26644300.0,22364000.0,-4280300.0,1434263400.0,1073470300.0,-360793100.0,0.0568,0.0433,-0.013500000000000005,2026-07-21T23:59:59+08:00,available_after_current_report_announcement_date_end,adjacent_disclosed_holding_set_comparison_no_trade_attribution,derived_interval_observation,FUND_HOLDING_d5017ea182b3c28a5cf4|FUND_HOLDING_643621a60f1382d354b5,top_holdings_only_absence_is_not_zero_position
FUND_HOLDING_CHANGE_c4a3de5dc2521e7d279b,PUBLIC_FUND_003096,003096,2026-03-31,2026-06-30,300759.SZ,康龙化成,present_in_both_disclosures,68295200.0,72387900.0,4092700.0,1910898500.0,2094182200.0,183283700.0,0.0756,0.0845,0.008900000000000005,2026-07-21T23:59:59+08:00,available_after_current_report_announcement_date_end,adjacent_disclosed_holding_set_comparison_no_trade_attribution,derived_interval_observation,FUND_HOLDING_7f2167b4e070aab2a403|FUND_HOLDING_005081318c14a89718e1,top_holdings_only_absence_is_not_zero_position
FUND_HOLDING_CHANGE_8a60cb8a0c91d6aa4bca,PUBLIC_FUND_003096,003096,2026-03-31,2026-06-30,600276.SH,恒瑞医药,present_in_both_disclosures,44566200.0,46919100.0,2352900.0,2460943400.0,2441669500.0,-19273900.0,0.0974,0.0986,0.0011999999999999927,2026-07-21T23:59:59+08:00,available_after_current_report_announcement_date_end,adjacent_disclosed_holding_set_comparison_no_trade_attribution,derived_interval_observation,FUND_HOLDING_9d0b22085e6e304035f0|FUND_HOLDING_7790fcc539a9b92c998c,top_holdings_only_absence_is_not_zero_position
FUND_HOLDING_CHANGE_79afbfe8253efd7334f2,PUBLIC_FUND_003096,003096,2026-03-31,2026-06-30,603259.SH,药明康德,present_in_both_disclosures,25967100.0,19601500.0,-6365600.0,2547373000.0,2440578900.0,-106794100.0,0.1008,0.0985,-0.0022999999999999965,2026-07-21T23:59:59+08:00,available_after_current_report_announcement_date_end,adjacent_disclosed_holding_set_comparison_no_trade_attribution,derived_interval_observation,FUND_HOLDING_f7dff4f63cf68f25a172|FUND_HOLDING_7926d174bd3ac3a96ef4,top_holdings_only_absence_is_not_zero_position
FUND_HOLDING_CHANGE_30db0f2d7b0bfc6ad55c,PUBLIC_FUND_003096,003096,2026-03-31,2026-06-30,688180.SH,君实生物,entered_disclosed_set_actual_prior_position_unknown,,14811400.0,,,500922600.0,,,0.0202,,2026-07-21T23:59:59+08:00,available_after_current_report_announcement_date_end,adjacent_disclosed_holding_set_comparison_no_trade_attribution,derived_interval_observation,FUND_HOLDING_0d1abaa985835471f0c7,top_holdings_only_absence_is_not_zero_position
FUND_HOLDING_CHANGE_965026590cd4940c86a7,PUBLIC_FUND_003096,003096,2026-03-31,2026-06-30,688506.SH,百利天恒,present_in_both_disclosures,5794200.0,8333300.0,2539100.0,1610799800.0,2450232000.0,839432200.0,0.0637,0.0989,0.035199999999999995,2026-07-21T23:59:59+08:00,available_after_current_report_announcement_date_end,adjacent_disclosed_holding_set_comparison_no_trade_attribution,derived_interval_observation,FUND_HOLDING_566f0cd068333f8907aa|FUND_HOLDING_6206c653826387b2fcd6,top_holdings_only_absence_is_not_zero_position
FUND_HOLDING_CHANGE_00c15c27954e91864306,PUBLIC_FUND_003096,003096,2026-03-31,2026-06-30,688578.SH,艾力斯,present_in_both_disclosures,8314000.0,7649000.0,-665000.0,798141000.0,835266000.0,37125000.0,0.0316,0.0337,0.0020999999999999977,2026-07-21T23:59:59+08:00,available_after_current_report_announcement_date_end,adjacent_disclosed_holding_set_comparison_no_trade_attribution,derived_interval_observation,FUND_HOLDING_c1ba5730ebea1698892e|FUND_HOLDING_873d14f00b889f70f1a2,top_holdings_only_absence_is_not_zero_position
FUND_HOLDING_CHANGE_0d5a66445782f5a728c5,PUBLIC_FUND_005827,005827,2026-03-31,2026-06-30,000568.SZ,泸州老窖,present_in_both_disclosures,25250000.0,12180100.0,-13069900.0,2643170000.0,944202300.0,-1698967700.0,0.0987,0.0462,-0.0525,2026-07-21T23:59:59+08:00,available_after_current_report_announcement_date_end,adjacent_disclosed_holding_set_comparison_no_trade_attribution,derived_interval_observation,FUND_HOLDING_20c18b15da4dbfab06e3|FUND_HOLDING_5a9472b434ccaa2bd92d,top_holdings_only_absence_is_not_zero_position
FUND_HOLDING_CHANGE_a6dfb01d4cd1ce3a4270,PUBLIC_FUND_005827,005827,2026-03-31,2026-06-30,000858.SZ,五粮液,present_in_both_disclosures,25680000.0,7530100.0,-18149900.0,2651973600.0,557227300.0,-2094746300.0,0.099,0.0273,-0.0717,2026-07-21T23:59:59+08:00,available_after_current_report_announcement_date_end,adjacent_disclosed_holding_set_comparison_no_trade_attribution,derived_interval_observation,FUND_HOLDING_03d1e2c902f059883b87|FUND_HOLDING_42d9525a126d22e90fa1,top_holdings_only_absence_is_not_zero_position
FUND_HOLDING_CHANGE_57854d35b380d1c03d0d,PUBLIC_FUND_005827,005827,2026-03-31,2026-06-30,002027.SZ,分众传媒,left_disclosed_set_actual_current_position_unknown,162000000.0,,,1061100000.0,,,0.0396,,,2026-07-21T23:59:59+08:00,available_after_current_report_announcement_date_end,adjacent_disclosed_holding_set_comparison_no_trade_attribution,derived_interval_observation,FUND_HOLDING_313c6938e3c89982f1be,top_holdings_only_absence_is_not_zero_position
FUND_HOLDING_CHANGE_5395abc0ec9a9da14d59,PUBLIC_FUND_005827,005827,2026-03-31,2026-06-30,002384.SZ,东山精密,entered_disclosed_set_actual_prior_position_unknown,,1820000.0,,,477477000.0,,,0.0234,,2026-07-21T23:59:59+08:00,available_after_current_report_announcement_date_end,adjacent_disclosed_holding_set_comparison_no_trade_attribution,derived_interval_observation,FUND_HOLDING_1b60b536964af2763302,top_holdings_only_absence_is_not_zero_position
FUND_HOLDING_CHANGE_79acd6554efc78c23834,PUBLIC_FUND_005827,005827,2026-03-31,2026-06-30,00700.HK,腾讯控股,present_in_both_disclosures,6018000.0,3130500.0,-2887500.0,2571779100.0,1168624400.0,-1403154700.0,0.096,0.0572,-0.0388,2026-07-21T23:59:59+08:00,available_after_current_report_announcement_date_end,adjacent_disclosed_holding_set_comparison_no_trade_attribution,derived_interval_observation,FUND_HOLDING_3e7bae91eb094fb832da|FUND_HOLDING_172391ef668c2ce4f798,top_holdings_only_absence_is_not_zero_position
FUND_HOLDING_CHANGE_d8763a07d3924e626b30,PUBLIC_FUND_005827,005827,2026-03-31,2026-06-30,00883.HK,中国海洋石油,present_in_both_disclosures,100600000.0,58950000.0,-41650000.0,2487093600.0,1040404800.0,-1446688800.0,0.0928,0.051,-0.0418,2026-07-21T23:59:59+08:00,available_after_current_report_announcement_date_end,adjacent_disclosed_holding_set_comparison_no_trade_attribution,derived_interval_observation,FUND_HOLDING_cb159317dcaa9a20ff72|FUND_HOLDING_1ea6eb5472cf2fe8589a,top_holdings_only_absence_is_not_zero_position
FUND_HOLDING_CHANGE_d526adf6309ad99456cb,PUBLIC_FUND_005827,005827,2026-03-31,2026-06-30,00981.HK,中芯国际,entered_disclosed_set_actual_prior_position_unknown,,6150000.0,,,477537500.0,,,0.0234,,2026-07-21T23:59:59+08:00,available_after_current_report_announcement_date_end,adjacent_disclosed_holding_set_comparison_no_trade_attribution,derived_interval_observation,FUND_HOLDING_dab164c34d3c8ec1d6e4,top_holdings_only_absence_is_not_zero_position
FUND_HOLDING_CHANGE_163e793ddaac54acd526,PUBLIC_FUND_005827,005827,2026-03-31,2026-06-30,06618.HK,京东健康,left_disclosed_set_actual_current_position_unknown,28300000.0,,,1175911000.0,,,0.0439,,,2026-07-21T23:59:59+08:00,available_after_current_report_announcement_date_end,adjacent_disclosed_holding_set_comparison_no_trade_attribution,derived_interval_observation,FUND_HOLDING_195ef5757eaa5d33a4ef,top_holdings_only_absence_is_not_zero_position
FUND_HOLDING_CHANGE_b0e571f5ce8648d98eae,PUBLIC_FUND_005827,005827,2026-03-31,2026-06-30,09987.HK,百胜中国,present_in_both_disclosures,7523900.0,4037500.0,-3486400.0,2560299900.0,1120763900.0,-1439536000.0,0.0956,0.0549,-0.04070000000000001,2026-07-21T23:59:59+08:00,available_after_current_report_announcement_date_end,adjacent_disclosed_holding_set_comparison_no_trade_attribution,derived_interval_observation,FUND_HOLDING_ec905c9bc0c8727a3196|FUND_HOLDING_4b89c21d6c8c0f8724e8,top_holdings_only_absence_is_not_zero_position
FUND_HOLDING_CHANGE_5efec00451ff612b8780,PUBLIC_FUND_005827,005827,2026-03-31,2026-06-30,09988.HK,阿里巴巴-W,present_in_both_disclosures,23500000.0,5780000.0,-17720000.0,2469169700.0,466127300.0,-2003042400.0,0.0922,0.0228,-0.0694,2026-07-21T23:59:59+08:00,available_after_current_report_announcement_date_end,adjacent_disclosed_holding_set_comparison_no_trade_attribution,derived_interval_observation,FUND_HOLDING_62b2f5fb10ab28ae4e98|FUND_HOLDING_e3b197bfd1731a6aefdd,top_holdings_only_absence_is_not_zero_position
FUND_HOLDING_CHANGE_b33eb96167e781a1ba12,PUBLIC_FUND_005827,005827,2026-03-31,2026-06-30,600519.SH,贵州茅台,present_in_both_disclosures,1832000.0,968500.0,-863500.0,2656400000.0,1148147100.0,-1508252900.0,0.0991,0.0562,-0.042899999999999994,2026-07-21T23:59:59+08:00,available_after_current_report_announcement_date_end,adjacent_disclosed_holding_set_comparison_no_trade_attribution,derived_interval_observation,FUND_HOLDING_be3a1414a7aa177ffff8|FUND_HOLDING_d3cffcd07ab0b85017e2,top_holdings_only_absence_is_not_zero_position
FUND_HOLDING_CHANGE_5d134a075c09d5ba4034,PUBLIC_FUND_005827,005827,2026-03-31,2026-06-30,600809.SH,山西汾酒,present_in_both_disclosures,17360000.0,5050000.0,-12310000.0,2483528000.0,552318500.0,-1931209500.0,0.0927,0.0271,-0.0656,2026-07-21T23:59:59+08:00,available_after_current_report_announcement_date_end,adjacent_disclosed_holding_set_comparison_no_trade_attribution,derived_interval_observation,FUND_HOLDING_41fd50f0eea7fc584a66|FUND_HOLDING_c6ac367b962f8f73262e,top_holdings_only_absence_is_not_zero_position
FUND_HOLDING_CHANGE_66027a54de79fdf2c624,PUBLIC_FUND_110022,110022,2026-03-31,2026-06-30,000333.SZ,美的集团,present_in_both_disclosures,16015200.0,11965200.0,-4050000.0,1222759000.0,903728700.0,-319030300.0,0.0964,0.0931,-0.0032999999999999974,2026-07-21T23:59:59+08:00,available_after_current_report_announcement_date_end,adjacent_disclosed_holding_set_comparison_no_trade_attribution,derived_interval_observation,FUND_HOLDING_8b77c38a7d6ddf1ae7f7|FUND_HOLDING_fe3c0eef773c2ee7137b,top_holdings_only_absence_is_not_zero_position
FUND_HOLDING_CHANGE_6a7b443ca481c32e8812,PUBLIC_FUND_110022,110022,2026-03-31,2026-06-30,000568.SZ,泸州老窖,present_in_both_disclosures,6055400.0,6264500.0,209100.0,633874900.0,485622100.0,-148252800.0,0.05,0.05,0.0,2026-07-21T23:59:59+08:00,available_after_current_report_announcement_date_end,adjacent_disclosed_holding_set_comparison_no_trade_attribution,derived_interval_observation,FUND_HOLDING_404297e93d96243b745f|FUND_HOLDING_ef17bb41d74e46ca08fe,top_holdings_only_absence_is_not_zero_position
FUND_HOLDING_CHANGE_92084298cb4b359421b5,PUBLIC_FUND_110022,110022,2026-03-31,2026-06-30,000596.SZ,古井贡酒,present_in_both_disclosures,5411000.0,5411000.0,0.0,556526100.0,431801500.0,-124724600.0,0.0439,0.0445,0.0005999999999999964,2026-07-21T23:59:59+08:00,available_after_current_report_announcement_date_end,adjacent_disclosed_holding_set_comparison_no_trade_attribution,derived_interval_observation,FUND_HOLDING_457271b67bc2fd7d0495|FUND_HOLDING_cd5162016eb7906de933,top_holdings_only_absence_is_not_zero_position
FUND_HOLDING_CHANGE_ee9b1b30f70681debf68,PUBLIC_FUND_110022,110022,2026-03-31,2026-06-30,000858.SZ,五粮液,left_disclosed_set_actual_current_position_unknown,10737900.0,,,1108902600.0,,,0.0874,,,2026-07-21T23:59:59+08:00,available_after_current_report_announcement_date_end,adjacent_disclosed_holding_set_comparison_no_trade_attribution,derived_interval_observation,FUND_HOLDING_60a4f49abfb2cd192af9,top_holdings_only_absence_is_not_zero_position
FUND_HOLDING_CHANGE_befe05fe5d0b2c7fb11a,PUBLIC_FUND_110022,110022,2026-03-31,2026-06-30,002594.SZ,比亚迪,present_in_both_disclosures,7851500.0,9695000.0,1843500.0,826372700.0,772694400.0,-53678300.0,0.0651,0.0796,0.014499999999999999,2026-07-21T23:59:59+08:00,available_after_current_report_announcement_date_end,adjacent_disclosed_holding_set_comparison_no_trade_attribution,derived_interval_observation,FUND_HOLDING_2c1881f67e0237ae61ba|FUND_HOLDING_621eb4749e7c6872d07a,top_holdings_only_absence_is_not_zero_position
FUND_HOLDING_CHANGE_a9254e8d9432d27311d1,PUBLIC_FUND_110022,110022,2026-03-31,2026-06-30,600519.SH,贵州茅台,present_in_both_disclosures,866600.0,800000.0,-66600.0,1256567100.0,948389600.0,-308177500.0,0.099,0.0977,-0.0013000000000000095,2026-07-21T23:59:59+08:00,available_after_current_report_announcement_date_end,adjacent_disclosed_holding_set_comparison_no_trade_attribution,derived_interval_observation,FUND_HOLDING_dac761fc9dbcccd20480|FUND_HOLDING_2040f561e172722a3db6,top_holdings_only_absence_is_not_zero_position
FUND_HOLDING_CHANGE_7ec45311511c8c742ac1,PUBLIC_FUND_110022,110022,2026-03-31,2026-06-30,600660.SH,福耀玻璃,present_in_both_disclosures,14080500.0,15131200.0,1050700.0,802588900.0,763215600.0,-39373300.0,0.0633,0.0786,0.015300000000000008,2026-07-21T23:59:59+08:00,available_after_current_report_announcement_date_end,adjacent_disclosed_holding_set_comparison_no_trade_attribution,derived_interval_observation,FUND_HOLDING_a1cae8cd128863f0e789|FUND_HOLDING_1e5772fbee8dc0f13481,top_holdings_only_absence_is_not_zero_position
FUND_HOLDING_CHANGE_31b280851e932255ad3f,PUBLIC_FUND_110022,110022,2026-03-31,2026-06-30,600809.SH,山西汾酒,present_in_both_disclosures,7539100.0,7539100.0,0.0,1078542200.0,824550300.0,-253991900.0,0.085,0.085,0.0,2026-07-21T23:59:59+08:00,available_after_current_report_announcement_date_end,adjacent_disclosed_holding_set_comparison_no_trade_attribution,derived_interval_observation,FUND_HOLDING_27c2ab4587eeca5e774f|FUND_HOLDING_a059298f2c2941f776bc,top_holdings_only_absence_is_not_zero_position
FUND_HOLDING_CHANGE_1daee1ed48d5a04bfdf2,PUBLIC_FUND_110022,110022,2026-03-31,2026-06-30,601058.SH,赛轮轮胎,entered_disclosed_set_actual_prior_position_unknown,,42812500.0,,,493627800.0,,,0.0509,,2026-07-21T23:59:59+08:00,available_after_current_report_announcement_date_end,adjacent_disclosed_holding_set_comparison_no_trade_attribution,derived_interval_observation,FUND_HOLDING_21432364767612c51f79,top_holdings_only_absence_is_not_zero_position
FUND_HOLDING_CHANGE_8812e2e5a277d850d8cb,PUBLIC_FUND_110022,110022,2026-03-31,2026-06-30,601633.SH,长城汽车,left_disclosed_set_actual_current_position_unknown,26052500.0,,,537464000.0,,,0.0424,,,2026-07-21T23:59:59+08:00,available_after_current_report_announcement_date_end,adjacent_disclosed_holding_set_comparison_no_trade_attribution,derived_interval_observation,FUND_HOLDING_669a65aa0e606da6ec8b,top_holdings_only_absence_is_not_zero_position
FUND_HOLDING_CHANGE_638c41713a90f2d45552,PUBLIC_FUND_110022,110022,2026-03-31,2026-06-30,603129.SH,春风动力,present_in_both_disclosures,2212200.0,2145800.0,-66400.0,505712800.0,548905100.0,43192300.0,0.0399,0.0566,0.0167,2026-07-21T23:59:59+08:00,available_after_current_report_announcement_date_end,adjacent_disclosed_holding_set_comparison_no_trade_attribution,derived_interval_observation,FUND_HOLDING_f3272fb0f3ea69dc8867|FUND_HOLDING_332a4fb5e87b76a1bbf7,top_holdings_only_absence_is_not_zero_position
FUND_HOLDING_CHANGE_18d6afe94d18458060b1,PUBLIC_FUND_110022,110022,2026-03-31,2026-06-30,603288.SH,海天味业,entered_disclosed_set_actual_prior_position_unknown,,11703600.0,,,388092300.0,,,0.04,,2026-07-21T23:59:59+08:00,available_after_current_report_announcement_date_end,adjacent_disclosed_holding_set_comparison_no_trade_attribution,derived_interval_observation,FUND_HOLDING_8b64d4bad4e0c818ca0c,top_holdings_only_absence_is_not_zero_position
FUND_HOLDING_CHANGE_e389abf388be5c8df66f,PUBLIC_FUND_161725,161725,2026-03-31,2026-06-30,000568.SZ,泸州老窖,present_in_both_disclosures,56467400.0,60707200.0,4239800.0,5911006600.0,4706018700.0,-1204987900.0,0.147,0.1503,0.0032999999999999974,2026-07-21T23:59:59+08:00,available_after_current_report_announcement_date_end,adjacent_disclosed_holding_set_comparison_no_trade_attribution,derived_interval_observation,FUND_HOLDING_b627871bcc3ad37f9f12|FUND_HOLDING_69562251f2c6ea35aae0,top_holdings_only_absence_is_not_zero_position
FUND_HOLDING_CHANGE_c84ef8a6990075e3cd5a,PUBLIC_FUND_161725,161725,2026-03-31,2026-06-30,000596.SZ,古井贡酒,present_in_both_disclosures,17641900.0,19057600.0,1415700.0,1814470200.0,1520798700.0,-293671500.0,0.0451,0.0486,0.003499999999999996,2026-07-21T23:59:59+08:00,available_after_current_report_announcement_date_end,adjacent_disclosed_holding_set_comparison_no_trade_attribution,derived_interval_observation,FUND_HOLDING_2e382f13e4c743bb06fc|FUND_HOLDING_b611527b7827bb49a332,top_holdings_only_absence_is_not_zero_position
FUND_HOLDING_CHANGE_9c52626ad364178954a0,PUBLIC_FUND_161725,161725,2026-03-31,2026-06-30,000799.SZ,酒鬼酒,entered_disclosed_set_actual_prior_position_unknown,,15947500.0,,,696903700.0,,,0.0223,,2026-07-21T23:59:59+08:00,available_after_current_report_announcement_date_end,adjacent_disclosed_holding_set_comparison_no_trade_attribution,derived_interval_observation,FUND_HOLDING_e56213c3e830fbc947ca,top_holdings_only_absence_is_not_zero_position
FUND_HOLDING_CHANGE_a28e057457d59973e9fd,PUBLIC_FUND_161725,161725,2026-03-31,2026-06-30,000858.SZ,五粮液,present_in_both_disclosures,62849000.0,60147800.0,-2701200.0,6490413100.0,4450933600.0,-2039479500.0,0.1614,0.1422,-0.019199999999999995,2026-07-21T23:59:59+08:00,available_after_current_report_announcement_date_end,adjacent_disclosed_holding_set_comparison_no_trade_attribution,derived_interval_observation,FUND_HOLDING_3e50978d10089cacf9b5|FUND_HOLDING_0dc3a0e3ee4ffe5d8861,top_holdings_only_absence_is_not_zero_position
FUND_HOLDING_CHANGE_94fccdacbb95747a6b91,PUBLIC_FUND_161725,161725,2026-03-31,2026-06-30,002304.SZ,洋河股份,present_in_both_disclosures,61359900.0,64637400.0,3277500.0,3113401800.0,2465915100.0,-647486700.0,0.0774,0.0788,0.0013999999999999985,2026-07-21T23:59:59+08:00,available_after_current_report_announcement_date_end,adjacent_disclosed_holding_set_comparison_no_trade_attribution,derived_interval_observation,FUND_HOLDING_e086bf1c6eff19895554|FUND_HOLDING_2d442651c2cca37dcb09,top_holdings_only_absence_is_not_zero_position
FUND_HOLDING_CHANGE_5ff68c63b55f1de82828,PUBLIC_FUND_161725,161725,2026-03-31,2026-06-30,600519.SH,贵州茅台,present_in_both_disclosures,5083400.0,4562500.0,-520900.0,7370866200.0,5408749500.0,-1962116700.0,0.1833,0.1728,-0.010499999999999982,2026-07-21T23:59:59+08:00,available_after_current_report_announcement_date_end,adjacent_disclosed_holding_set_comparison_no_trade_attribution,derived_interval_observation,FUND_HOLDING_b41e26977e0fed132933|FUND_HOLDING_cf7573a02ee6ff369c91,top_holdings_only_absence_is_not_zero_position
FUND_HOLDING_CHANGE_60c7933333006e806542,PUBLIC_FUND_161725,161725,2026-03-31,2026-06-30,600702.SH,舍得酒业,present_in_both_disclosures,16453800.0,16453800.0,0.0,744038800.0,584931000.0,-159107800.0,0.0185,0.0187,0.00020000000000000226,2026-07-21T23:59:59+08:00,available_after_current_report_announcement_date_end,adjacent_disclosed_holding_set_comparison_no_trade_attribution,derived_interval_observation,FUND_HOLDING_4c1195e045aee7f0021e|FUND_HOLDING_0765bc75f60ec1f69544,top_holdings_only_absence_is_not_zero_position
FUND_HOLDING_CHANGE_f0e95d72714886cb9701,PUBLIC_FUND_161725,161725,2026-03-31,2026-06-30,600809.SH,山西汾酒,present_in_both_disclosures,40257100.0,43483200.0,3226100.0,5759174300.0,4755754400.0,-1003419900.0,0.1432,0.1519,0.008700000000000013,2026-07-21T23:59:59+08:00,available_after_current_report_announcement_date_end,adjacent_disclosed_holding_set_comparison_no_trade_attribution,derived_interval_observation,FUND_HOLDING_3b50194eb44986fde68f|FUND_HOLDING_4a172999ee92064247c3,top_holdings_only_absence_is_not_zero_position
FUND_HOLDING_CHANGE_a67fee3b4fdd4ad79069,PUBLIC_FUND_161725,161725,2026-03-31,2026-06-30,603198.SH,迎驾贡酒,present_in_both_disclosures,28204000.0,28786300.0,582300.0,916628700.0,852073300.0,-64555400.0,0.0228,0.0272,0.004399999999999998,2026-07-21T23:59:59+08:00,available_after_current_report_announcement_date_end,adjacent_disclosed_holding_set_comparison_no_trade_attribution,derived_interval_observation,FUND_HOLDING_1132bee86e4cb3e5aa4e|FUND_HOLDING_266ba2bd9e5464ecca1e,top_holdings_only_absence_is_not_zero_position
FUND_HOLDING_CHANGE_68f27859068cf6f26356,PUBLIC_FUND_161725,161725,2026-03-31,2026-06-30,603369.SH,今世缘,present_in_both_disclosures,61714300.0,61714300.0,0.0,1635428400.0,1463245600.0,-172182800.0,0.0407,0.0467,0.005999999999999998,2026-07-21T23:59:59+08:00,available_after_current_report_announcement_date_end,adjacent_disclosed_holding_set_comparison_no_trade_attribution,derived_interval_observation,FUND_HOLDING_36cbcdd22b65a82520b3|FUND_HOLDING_942f289955294d6adede,top_holdings_only_absence_is_not_zero_position
FUND_HOLDING_CHANGE_1b3d57ba004bd6181e1c,PUBLIC_FUND_161725,161725,2026-03-31,2026-06-30,603589.SH,口子窖,left_disclosed_set_actual_current_position_unknown,29679600.0,,,733086000.0,,,0.0182,,,2026-07-21T23:59:59+08:00,available_after_current_report_announcement_date_end,adjacent_disclosed_holding_set_comparison_no_trade_attribution,derived_interval_observation,FUND_HOLDING_4a3562b95db616813a66,top_holdings_only_absence_is_not_zero_position
FUND_HOLDING_CHANGE_741503a4cb4d01331361,PUBLIC_FUND_260108,260108,2026-03-31,2026-06-30,000333.SZ,美的集团,present_in_both_disclosures,13000000.0,13000000.0,0.0,992550000.0,981890000.0,-10660000.0,0.0748,0.0912,0.016399999999999998,2026-07-21T23:59:59+08:00,available_after_current_report_announcement_date_end,adjacent_disclosed_holding_set_comparison_no_trade_attribution,derived_interval_observation,FUND_HOLDING_9bd6f27aa0f0be2c0daa|FUND_HOLDING_b236600ed7c600fd6e25,top_holdings_only_absence_is_not_zero_position
FUND_HOLDING_CHANGE_9240d2371ba9367793ec,PUBLIC_FUND_260108,260108,2026-03-31,2026-06-30,000568.SZ,泸州老窖,left_disclosed_set_actual_current_position_unknown,6500000.0,,,680420000.0,,,0.0512,,,2026-07-21T23:59:59+08:00,available_after_current_report_announcement_date_end,adjacent_disclosed_holding_set_comparison_no_trade_attribution,derived_interval_observation,FUND_HOLDING_f7e5320f56565b2c59d0,top_holdings_only_absence_is_not_zero_position
FUND_HOLDING_CHANGE_4622254432168139f1b6,PUBLIC_FUND_260108,260108,2026-03-31,2026-06-30,000596.SZ,古井贡酒,entered_disclosed_set_actual_prior_position_unknown,,5180000.0,,,413364000.0,,,0.0384,,2026-07-21T23:59:59+08:00,available_after_current_report_announcement_date_end,adjacent_disclosed_holding_set_comparison_no_trade_attribution,derived_interval_observation,FUND_HOLDING_5d5943ec5dfb549f2160,top_holdings_only_absence_is_not_zero_position
FUND_HOLDING_CHANGE_e400ea7b8e0a20eb95a5,PUBLIC_FUND_260108,260108,2026-03-31,2026-06-30,000858.SZ,五粮液,left_disclosed_set_actual_current_position_unknown,7100000.0,,,733217000.0,,,0.0552,,,2026-07-21T23:59:59+08:00,available_after_current_report_announcement_date_end,adjacent_disclosed_holding_set_comparison_no_trade_attribution,derived_interval_observation,FUND_HOLDING_29e9c8db0dcc003cedf8,top_holdings_only_absence_is_not_zero_position
FUND_HOLDING_CHANGE_ec5c31c5f1421f31d904,PUBLIC_FUND_260108,260108,2026-03-31,2026-06-30,002311.SZ,海大集团,present_in_both_disclosures,24600000.0,17300000.0,-7300000.0,1225326000.0,771753000.0,-453573000.0,0.0923,0.0717,-0.020599999999999993,2026-07-21T23:59:59+08:00,available_after_current_report_announcement_date_end,adjacent_disclosed_holding_set_comparison_no_trade_attribution,derived_interval_observation,FUND_HOLDING_bf533b147a07e277fe70|FUND_HOLDING_8d2fb828db9e0ceaa6f2,top_holdings_only_absence_is_not_zero_position
FUND_HOLDING_CHANGE_9f59c88eee824f29d3f6,PUBLIC_FUND_260108,260108,2026-03-31,2026-06-30,002415.SZ,海康威视,entered_disclosed_set_actual_prior_position_unknown,,15000000.0,,,513000000.0,,,0.0477,,2026-07-21T23:59:59+08:00,available_after_current_report_announcement_date_end,adjacent_disclosed_holding_set_comparison_no_trade_attribution,derived_interval_observation,FUND_HOLDING_341dd48b2d240108f1e5,top_holdings_only_absence_is_not_zero_position
FUND_HOLDING_CHANGE_9a37382329e6dbcfb98f,PUBLIC_FUND_260108,260108,2026-03-31,2026-06-30,300750.SZ,宁德时代,entered_disclosed_set_actual_prior_position_unknown,,1206900.0,,,474323800.0,,,0.0441,,2026-07-21T23:59:59+08:00,available_after_current_report_announcement_date_end,adjacent_disclosed_holding_set_comparison_no_trade_attribution,derived_interval_observation,FUND_HOLDING_b2e894ac2daccbeb235b,top_holdings_only_absence_is_not_zero_position
FUND_HOLDING_CHANGE_a3a53fbcf7158c8eb73c,PUBLIC_FUND_260108,260108,2026-03-31,2026-06-30,300760.SZ,迈瑞医疗,left_disclosed_set_actual_current_position_unknown,4000000.0,,,658640000.0,,,0.0496,,,2026-07-21T23:59:59+08:00,available_after_current_report_announcement_date_end,adjacent_disclosed_holding_set_comparison_no_trade_attribution,derived_interval_observation,FUND_HOLDING_3b2fd3521b6365b97509,top_holdings_only_absence_is_not_zero_position
FUND_HOLDING_CHANGE_73f7e1bb5c9c39ed17e5,PUBLIC_FUND_260108,260108,2026-03-31,2026-06-30,600519.SH,贵州茅台,present_in_both_disclosures,909600.0,870000.0,-39600.0,1318920000.0,1031376300.0,-287543700.0,0.0993,0.0958,-0.003500000000000003,2026-07-21T23:59:59+08:00,available_after_current_report_announcement_date_end,adjacent_disclosed_holding_set_comparison_no_trade_attribution,derived_interval_observation,FUND_HOLDING_44ca41378e13aed1435c|FUND_HOLDING_787ca6fae500ef8c471a,top_holdings_only_absence_is_not_zero_position
FUND_HOLDING_CHANGE_69262b53badca13a0229,PUBLIC_FUND_260108,260108,2026-03-31,2026-06-30,600809.SH,山西汾酒,present_in_both_disclosures,6600000.0,4000000.0,-2600000.0,944196000.0,437480000.0,-506716000.0,0.0711,0.0406,-0.0305,2026-07-21T23:59:59+08:00,available_after_current_report_announcement_date_end,adjacent_disclosed_holding_set_comparison_no_trade_attribution,derived_interval_observation,FUND_HOLDING_9a609abeeb73739d242e|FUND_HOLDING_5414d40ed8a88aac6e24,top_holdings_only_absence_is_not_zero_position
FUND_HOLDING_CHANGE_693cfc5a93216dbe7a4d,PUBLIC_FUND_260108,260108,2026-03-31,2026-06-30,600887.SH,伊利股份,entered_disclosed_set_actual_prior_position_unknown,,17000000.0,,,407320000.0,,,0.0378,,2026-07-21T23:59:59+08:00,available_after_current_report_announcement_date_end,adjacent_disclosed_holding_set_comparison_no_trade_attribution,derived_interval_observation,FUND_HOLDING_b63779362d1898cefa39,top_holdings_only_absence_is_not_zero_position
FUND_HOLDING_CHANGE_75a4aad51fec0aaf8fcb,PUBLIC_FUND_260108,260108,2026-03-31,2026-06-30,601888.SH,中国中免,left_disclosed_set_actual_current_position_unknown,13900000.0,,,978282000.0,,,0.0737,,,2026-07-21T23:59:59+08:00,available_after_current_report_announcement_date_end,adjacent_disclosed_holding_set_comparison_no_trade_attribution,derived_interval_observation,FUND_HOLDING_8983626180d3b46ae497,top_holdings_only_absence_is_not_zero_position
FUND_HOLDING_CHANGE_335aeadecab0568fd8dd,PUBLIC_FUND_260108,260108,2026-03-31,2026-06-30,603259.SH,药明康德,present_in_both_disclosures,10000000.0,8550000.0,-1450000.0,981000500.0,1064560500.0,83560000.0,0.0739,0.0989,0.02500000000000001,2026-07-21T23:59:59+08:00,available_after_current_report_announcement_date_end,adjacent_disclosed_holding_set_comparison_no_trade_attribution,derived_interval_observation,FUND_HOLDING_289a005d80e50349201f|FUND_HOLDING_4de1feba6dd0f9ed47f3,top_holdings_only_absence_is_not_zero_position
FUND_HOLDING_CHANGE_81c7fdd76da76068b3b4,PUBLIC_FUND_260108,260108,2026-03-31,2026-06-30,603899.SH,晨光股份,present_in_both_disclosures,29200000.0,26400000.0,-2800000.0,737884000.0,544632000.0,-193252000.0,0.0556,0.0506,-0.0049999999999999975,2026-07-21T23:59:59+08:00,available_after_current_report_announcement_date_end,adjacent_disclosed_holding_set_comparison_no_trade_attribution,derived_interval_observation,FUND_HOLDING_e71cad389d99e46bf02c|FUND_HOLDING_b8bfde8127df3238d6c7,top_holdings_only_absence_is_not_zero_position
