holding_id,fund_id,fund_code,report_period_end,instrument_id,security_name,portfolio_weight,shares,shares_unit,market_value,market_value_unit,holding_scope,available_time,availability_policy,source,source_record_id,evidence_kind,quality_status
FUND_HOLDING_d23fef3c8d9ee3d4aaae,PUBLIC_FUND_000001,000001,2026-03-31,300308.SZ,中际旭创,0.0431,200000.0,share,113882000.0,CNY,source_fund_portfolio_scope_unknown,2026-04-22T23:59:59+08:00,available_after_announcement_date_end,Eastmoney fund holdings via AkShare fund_portfolio_hold_em,ccmx_000001|2026年1季度股票投资明细|300308.SZ,aggregated_observation,third_party_aggregator_unverified
FUND_HOLDING_eb7c4ae2b8d46178201f,PUBLIC_FUND_000001,000001,2026-03-31,688012.SH,中微公司,0.0307,265400.0,share,81308000.0,CNY,source_fund_portfolio_scope_unknown,2026-04-22T23:59:59+08:00,available_after_announcement_date_end,Eastmoney fund holdings via AkShare fund_portfolio_hold_em,ccmx_000001|2026年1季度股票投资明细|688012.SH,aggregated_observation,third_party_aggregator_unverified
FUND_HOLDING_e54fd6d6757a5d089f25,PUBLIC_FUND_000001,000001,2026-03-31,688347.SH,华虹公司,0.028,700100.0,share,74136800.0,CNY,source_fund_portfolio_scope_unknown,2026-04-22T23:59:59+08:00,available_after_announcement_date_end,Eastmoney fund holdings via AkShare fund_portfolio_hold_em,ccmx_000001|2026年1季度股票投资明细|688347.SH,aggregated_observation,third_party_aggregator_unverified
FUND_HOLDING_37383a00a41d0cb659d3,PUBLIC_FUND_000001,000001,2026-03-31,002371.SZ,北方华创,0.0278,164200.0,share,73409900.0,CNY,source_fund_portfolio_scope_unknown,2026-04-22T23:59:59+08:00,available_after_announcement_date_end,Eastmoney fund holdings via AkShare fund_portfolio_hold_em,ccmx_000001|2026年1季度股票投资明细|002371.SZ,aggregated_observation,third_party_aggregator_unverified
FUND_HOLDING_d4c3c942b7fa9ea4c2b4,PUBLIC_FUND_000001,000001,2026-03-31,688019.SH,安集科技,0.0267,282000.0,share,70680200.0,CNY,source_fund_portfolio_scope_unknown,2026-04-22T23:59:59+08:00,available_after_announcement_date_end,Eastmoney fund holdings via AkShare fund_portfolio_hold_em,ccmx_000001|2026年1季度股票投资明细|688019.SH,aggregated_observation,third_party_aggregator_unverified
FUND_HOLDING_a8020312fca6c91a397d,PUBLIC_FUND_000001,000001,2026-03-31,688041.SH,海光信息,0.0248,312400.0,share,65687300.0,CNY,source_fund_portfolio_scope_unknown,2026-04-22T23:59:59+08:00,available_after_announcement_date_end,Eastmoney fund holdings via AkShare fund_portfolio_hold_em,ccmx_000001|2026年1季度股票投资明细|688041.SH,aggregated_observation,third_party_aggregator_unverified
FUND_HOLDING_5a1db250b638ceaf3372,PUBLIC_FUND_000001,000001,2026-03-31,688120.SH,华海清科,0.0238,362000.0,share,62988000.0,CNY,source_fund_portfolio_scope_unknown,2026-04-22T23:59:59+08:00,available_after_announcement_date_end,Eastmoney fund holdings via AkShare fund_portfolio_hold_em,ccmx_000001|2026年1季度股票投资明细|688120.SH,aggregated_observation,third_party_aggregator_unverified
FUND_HOLDING_b717e5d52407e38778de,PUBLIC_FUND_000001,000001,2026-03-31,688256.SH,寒武纪,0.0234,63100.0,share,61978200.0,CNY,source_fund_portfolio_scope_unknown,2026-04-22T23:59:59+08:00,available_after_announcement_date_end,Eastmoney fund holdings via AkShare fund_portfolio_hold_em,ccmx_000001|2026年1季度股票投资明细|688256.SH,aggregated_observation,third_party_aggregator_unverified
FUND_HOLDING_e2006eee1004fbb87bfe,PUBLIC_FUND_000001,000001,2026-03-31,688072.SH,拓荆科技,0.0221,158200.0,share,58520700.0,CNY,source_fund_portfolio_scope_unknown,2026-04-22T23:59:59+08:00,available_after_announcement_date_end,Eastmoney fund holdings via AkShare fund_portfolio_hold_em,ccmx_000001|2026年1季度股票投资明细|688072.SH,aggregated_observation,third_party_aggregator_unverified
FUND_HOLDING_a2217a45de0d561948aa,PUBLIC_FUND_000001,000001,2026-03-31,688361.SH,中科飞测,0.0211,366900.0,share,55785600.0,CNY,source_fund_portfolio_scope_unknown,2026-04-22T23:59:59+08:00,available_after_announcement_date_end,Eastmoney fund holdings via AkShare fund_portfolio_hold_em,ccmx_000001|2026年1季度股票投资明细|688361.SH,aggregated_observation,third_party_aggregator_unverified
FUND_HOLDING_1962d8528b523a3b5186,PUBLIC_FUND_000001,000001,2026-06-30,300308.SZ,中际旭创,0.0645,200000.0,share,254000000.0,CNY,source_fund_portfolio_scope_unknown,2026-07-21T23:59:59+08:00,available_after_announcement_date_end,Eastmoney fund holdings via AkShare fund_portfolio_hold_em,ccmx_000001|2026年2季度股票投资明细|300308.SZ,aggregated_observation,third_party_aggregator_unverified
FUND_HOLDING_748dc9f60cbfb9764f4b,PUBLIC_FUND_000001,000001,2026-06-30,688347.SH,华虹宏力,0.0557,652000.0,share,219272000.0,CNY,source_fund_portfolio_scope_unknown,2026-07-21T23:59:59+08:00,available_after_announcement_date_end,Eastmoney fund holdings via AkShare fund_portfolio_hold_em,ccmx_000001|2026年2季度股票投资明细|688347.SH,aggregated_observation,third_party_aggregator_unverified
FUND_HOLDING_f632d129b0f464de2268,PUBLIC_FUND_000001,000001,2026-06-30,688361.SH,中科飞测,0.0509,466500.0,share,200583400.0,CNY,source_fund_portfolio_scope_unknown,2026-07-21T23:59:59+08:00,available_after_announcement_date_end,Eastmoney fund holdings via AkShare fund_portfolio_hold_em,ccmx_000001|2026年2季度股票投资明细|688361.SH,aggregated_observation,third_party_aggregator_unverified
FUND_HOLDING_3bdda41641d51cc16264,PUBLIC_FUND_000001,000001,2026-06-30,688012.SH,中微公司,0.047,395400.0,share,185254700.0,CNY,source_fund_portfolio_scope_unknown,2026-07-21T23:59:59+08:00,available_after_announcement_date_end,Eastmoney fund holdings via AkShare fund_portfolio_hold_em,ccmx_000001|2026年2季度股票投资明细|688012.SH,aggregated_observation,third_party_aggregator_unverified
FUND_HOLDING_0ac97a8e5f6e1633335c,PUBLIC_FUND_000001,000001,2026-06-30,688120.SH,华海清科,0.0429,524900.0,share,169109400.0,CNY,source_fund_portfolio_scope_unknown,2026-07-21T23:59:59+08:00,available_after_announcement_date_end,Eastmoney fund holdings via AkShare fund_portfolio_hold_em,ccmx_000001|2026年2季度股票投资明细|688120.SH,aggregated_observation,third_party_aggregator_unverified
FUND_HOLDING_cae225ecd64b14c4ee8f,PUBLIC_FUND_000001,000001,2026-06-30,688072.SH,拓荆科技,0.0384,171700.0,share,151036400.0,CNY,source_fund_portfolio_scope_unknown,2026-07-21T23:59:59+08:00,available_after_announcement_date_end,Eastmoney fund holdings via AkShare fund_portfolio_hold_em,ccmx_000001|2026年2季度股票投资明细|688072.SH,aggregated_observation,third_party_aggregator_unverified
FUND_HOLDING_22e94d7c5c8b6f2335fe,PUBLIC_FUND_000001,000001,2026-06-30,688256.SH,寒武纪,0.0381,93900.0,share,149893900.0,CNY,source_fund_portfolio_scope_unknown,2026-07-21T23:59:59+08:00,available_after_announcement_date_end,Eastmoney fund holdings via AkShare fund_portfolio_hold_em,ccmx_000001|2026年2季度股票投资明细|688256.SH,aggregated_observation,third_party_aggregator_unverified
FUND_HOLDING_0cb61792e37c0a33a612,PUBLIC_FUND_000001,000001,2026-06-30,002371.SZ,北方华创,0.0369,164200.0,share,145269500.0,CNY,source_fund_portfolio_scope_unknown,2026-07-21T23:59:59+08:00,available_after_announcement_date_end,Eastmoney fund holdings via AkShare fund_portfolio_hold_em,ccmx_000001|2026年2季度股票投资明细|002371.SZ,aggregated_observation,third_party_aggregator_unverified
FUND_HOLDING_889dbf9d136aded0ebb1,PUBLIC_FUND_000001,000001,2026-06-30,688041.SH,海光信息,0.0316,336500.0,share,124607100.0,CNY,source_fund_portfolio_scope_unknown,2026-07-21T23:59:59+08:00,available_after_announcement_date_end,Eastmoney fund holdings via AkShare fund_portfolio_hold_em,ccmx_000001|2026年2季度股票投资明细|688041.SH,aggregated_observation,third_party_aggregator_unverified
FUND_HOLDING_f53c7d59f3fedecd1b7e,PUBLIC_FUND_000001,000001,2026-06-30,688037.SH,芯源微,0.0312,280000.0,share,122954600.0,CNY,source_fund_portfolio_scope_unknown,2026-07-21T23:59:59+08:00,available_after_announcement_date_end,Eastmoney fund holdings via AkShare fund_portfolio_hold_em,ccmx_000001|2026年2季度股票投资明细|688037.SH,aggregated_observation,third_party_aggregator_unverified
FUND_HOLDING_dac761fc9dbcccd20480,PUBLIC_FUND_110022,110022,2026-03-31,600519.SH,贵州茅台,0.099,866600.0,share,1256567100.0,CNY,source_fund_portfolio_scope_unknown,2026-04-22T23:59:59+08:00,available_after_announcement_date_end,Eastmoney fund holdings via AkShare fund_portfolio_hold_em,ccmx_110022|2026年1季度股票投资明细|600519.SH,aggregated_observation,third_party_aggregator_unverified
FUND_HOLDING_8b77c38a7d6ddf1ae7f7,PUBLIC_FUND_110022,110022,2026-03-31,000333.SZ,美的集团,0.0964,16015200.0,share,1222759000.0,CNY,source_fund_portfolio_scope_unknown,2026-04-22T23:59:59+08:00,available_after_announcement_date_end,Eastmoney fund holdings via AkShare fund_portfolio_hold_em,ccmx_110022|2026年1季度股票投资明细|000333.SZ,aggregated_observation,third_party_aggregator_unverified
FUND_HOLDING_60a4f49abfb2cd192af9,PUBLIC_FUND_110022,110022,2026-03-31,000858.SZ,五粮液,0.0874,10737900.0,share,1108902600.0,CNY,source_fund_portfolio_scope_unknown,2026-04-22T23:59:59+08:00,available_after_announcement_date_end,Eastmoney fund holdings via AkShare fund_portfolio_hold_em,ccmx_110022|2026年1季度股票投资明细|000858.SZ,aggregated_observation,third_party_aggregator_unverified
FUND_HOLDING_27c2ab4587eeca5e774f,PUBLIC_FUND_110022,110022,2026-03-31,600809.SH,山西汾酒,0.085,7539100.0,share,1078542200.0,CNY,source_fund_portfolio_scope_unknown,2026-04-22T23:59:59+08:00,available_after_announcement_date_end,Eastmoney fund holdings via AkShare fund_portfolio_hold_em,ccmx_110022|2026年1季度股票投资明细|600809.SH,aggregated_observation,third_party_aggregator_unverified
FUND_HOLDING_2c1881f67e0237ae61ba,PUBLIC_FUND_110022,110022,2026-03-31,002594.SZ,比亚迪,0.0651,7851500.0,share,826372700.0,CNY,source_fund_portfolio_scope_unknown,2026-04-22T23:59:59+08:00,available_after_announcement_date_end,Eastmoney fund holdings via AkShare fund_portfolio_hold_em,ccmx_110022|2026年1季度股票投资明细|002594.SZ,aggregated_observation,third_party_aggregator_unverified
FUND_HOLDING_a1cae8cd128863f0e789,PUBLIC_FUND_110022,110022,2026-03-31,600660.SH,福耀玻璃,0.0633,14080500.0,share,802588900.0,CNY,source_fund_portfolio_scope_unknown,2026-04-22T23:59:59+08:00,available_after_announcement_date_end,Eastmoney fund holdings via AkShare fund_portfolio_hold_em,ccmx_110022|2026年1季度股票投资明细|600660.SH,aggregated_observation,third_party_aggregator_unverified
FUND_HOLDING_404297e93d96243b745f,PUBLIC_FUND_110022,110022,2026-03-31,000568.SZ,泸州老窖,0.05,6055400.0,share,633874900.0,CNY,source_fund_portfolio_scope_unknown,2026-04-22T23:59:59+08:00,available_after_announcement_date_end,Eastmoney fund holdings via AkShare fund_portfolio_hold_em,ccmx_110022|2026年1季度股票投资明细|000568.SZ,aggregated_observation,third_party_aggregator_unverified
FUND_HOLDING_457271b67bc2fd7d0495,PUBLIC_FUND_110022,110022,2026-03-31,000596.SZ,古井贡酒,0.0439,5411000.0,share,556526100.0,CNY,source_fund_portfolio_scope_unknown,2026-04-22T23:59:59+08:00,available_after_announcement_date_end,Eastmoney fund holdings via AkShare fund_portfolio_hold_em,ccmx_110022|2026年1季度股票投资明细|000596.SZ,aggregated_observation,third_party_aggregator_unverified
FUND_HOLDING_669a65aa0e606da6ec8b,PUBLIC_FUND_110022,110022,2026-03-31,601633.SH,长城汽车,0.0424,26052500.0,share,537464000.0,CNY,source_fund_portfolio_scope_unknown,2026-04-22T23:59:59+08:00,available_after_announcement_date_end,Eastmoney fund holdings via AkShare fund_portfolio_hold_em,ccmx_110022|2026年1季度股票投资明细|601633.SH,aggregated_observation,third_party_aggregator_unverified
FUND_HOLDING_f3272fb0f3ea69dc8867,PUBLIC_FUND_110022,110022,2026-03-31,603129.SH,春风动力,0.0399,2212200.0,share,505712800.0,CNY,source_fund_portfolio_scope_unknown,2026-04-22T23:59:59+08:00,available_after_announcement_date_end,Eastmoney fund holdings via AkShare fund_portfolio_hold_em,ccmx_110022|2026年1季度股票投资明细|603129.SH,aggregated_observation,third_party_aggregator_unverified
FUND_HOLDING_2040f561e172722a3db6,PUBLIC_FUND_110022,110022,2026-06-30,600519.SH,贵州茅台,0.0977,800000.0,share,948389600.0,CNY,source_fund_portfolio_scope_unknown,2026-07-21T23:59:59+08:00,available_after_announcement_date_end,Eastmoney fund holdings via AkShare fund_portfolio_hold_em,ccmx_110022|2026年2季度股票投资明细|600519.SH,aggregated_observation,third_party_aggregator_unverified
FUND_HOLDING_fe3c0eef773c2ee7137b,PUBLIC_FUND_110022,110022,2026-06-30,000333.SZ,美的集团,0.0931,11965200.0,share,903728700.0,CNY,source_fund_portfolio_scope_unknown,2026-07-21T23:59:59+08:00,available_after_announcement_date_end,Eastmoney fund holdings via AkShare fund_portfolio_hold_em,ccmx_110022|2026年2季度股票投资明细|000333.SZ,aggregated_observation,third_party_aggregator_unverified
FUND_HOLDING_a059298f2c2941f776bc,PUBLIC_FUND_110022,110022,2026-06-30,600809.SH,山西汾酒,0.085,7539100.0,share,824550300.0,CNY,source_fund_portfolio_scope_unknown,2026-07-21T23:59:59+08:00,available_after_announcement_date_end,Eastmoney fund holdings via AkShare fund_portfolio_hold_em,ccmx_110022|2026年2季度股票投资明细|600809.SH,aggregated_observation,third_party_aggregator_unverified
FUND_HOLDING_621eb4749e7c6872d07a,PUBLIC_FUND_110022,110022,2026-06-30,002594.SZ,比亚迪,0.0796,9695000.0,share,772694400.0,CNY,source_fund_portfolio_scope_unknown,2026-07-21T23:59:59+08:00,available_after_announcement_date_end,Eastmoney fund holdings via AkShare fund_portfolio_hold_em,ccmx_110022|2026年2季度股票投资明细|002594.SZ,aggregated_observation,third_party_aggregator_unverified
FUND_HOLDING_1e5772fbee8dc0f13481,PUBLIC_FUND_110022,110022,2026-06-30,600660.SH,福耀玻璃,0.0786,15131200.0,share,763215600.0,CNY,source_fund_portfolio_scope_unknown,2026-07-21T23:59:59+08:00,available_after_announcement_date_end,Eastmoney fund holdings via AkShare fund_portfolio_hold_em,ccmx_110022|2026年2季度股票投资明细|600660.SH,aggregated_observation,third_party_aggregator_unverified
FUND_HOLDING_332a4fb5e87b76a1bbf7,PUBLIC_FUND_110022,110022,2026-06-30,603129.SH,春风动力,0.0566,2145800.0,share,548905100.0,CNY,source_fund_portfolio_scope_unknown,2026-07-21T23:59:59+08:00,available_after_announcement_date_end,Eastmoney fund holdings via AkShare fund_portfolio_hold_em,ccmx_110022|2026年2季度股票投资明细|603129.SH,aggregated_observation,third_party_aggregator_unverified
FUND_HOLDING_21432364767612c51f79,PUBLIC_FUND_110022,110022,2026-06-30,601058.SH,赛轮轮胎,0.0509,42812500.0,share,493627800.0,CNY,source_fund_portfolio_scope_unknown,2026-07-21T23:59:59+08:00,available_after_announcement_date_end,Eastmoney fund holdings via AkShare fund_portfolio_hold_em,ccmx_110022|2026年2季度股票投资明细|601058.SH,aggregated_observation,third_party_aggregator_unverified
FUND_HOLDING_ef17bb41d74e46ca08fe,PUBLIC_FUND_110022,110022,2026-06-30,000568.SZ,泸州老窖,0.05,6264500.0,share,485622100.0,CNY,source_fund_portfolio_scope_unknown,2026-07-21T23:59:59+08:00,available_after_announcement_date_end,Eastmoney fund holdings via AkShare fund_portfolio_hold_em,ccmx_110022|2026年2季度股票投资明细|000568.SZ,aggregated_observation,third_party_aggregator_unverified
FUND_HOLDING_cd5162016eb7906de933,PUBLIC_FUND_110022,110022,2026-06-30,000596.SZ,古井贡酒,0.0445,5411000.0,share,431801500.0,CNY,source_fund_portfolio_scope_unknown,2026-07-21T23:59:59+08:00,available_after_announcement_date_end,Eastmoney fund holdings via AkShare fund_portfolio_hold_em,ccmx_110022|2026年2季度股票投资明细|000596.SZ,aggregated_observation,third_party_aggregator_unverified
FUND_HOLDING_8b64d4bad4e0c818ca0c,PUBLIC_FUND_110022,110022,2026-06-30,603288.SH,海天味业,0.04,11703600.0,share,388092300.0,CNY,source_fund_portfolio_scope_unknown,2026-07-21T23:59:59+08:00,available_after_announcement_date_end,Eastmoney fund holdings via AkShare fund_portfolio_hold_em,ccmx_110022|2026年2季度股票投资明细|603288.SH,aggregated_observation,third_party_aggregator_unverified
FUND_HOLDING_be3a1414a7aa177ffff8,PUBLIC_FUND_005827,005827,2026-03-31,600519.SH,贵州茅台,0.0991,1832000.0,share,2656400000.0,CNY,source_fund_portfolio_scope_unknown,2026-04-22T23:59:59+08:00,available_after_announcement_date_end,Eastmoney fund holdings via AkShare fund_portfolio_hold_em,ccmx_005827|2026年1季度股票投资明细|600519.SH,aggregated_observation,third_party_aggregator_unverified
FUND_HOLDING_03d1e2c902f059883b87,PUBLIC_FUND_005827,005827,2026-03-31,000858.SZ,五粮液,0.099,25680000.0,share,2651973600.0,CNY,source_fund_portfolio_scope_unknown,2026-04-22T23:59:59+08:00,available_after_announcement_date_end,Eastmoney fund holdings via AkShare fund_portfolio_hold_em,ccmx_005827|2026年1季度股票投资明细|000858.SZ,aggregated_observation,third_party_aggregator_unverified
FUND_HOLDING_20c18b15da4dbfab06e3,PUBLIC_FUND_005827,005827,2026-03-31,000568.SZ,泸州老窖,0.0987,25250000.0,share,2643170000.0,CNY,source_fund_portfolio_scope_unknown,2026-04-22T23:59:59+08:00,available_after_announcement_date_end,Eastmoney fund holdings via AkShare fund_portfolio_hold_em,ccmx_005827|2026年1季度股票投资明细|000568.SZ,aggregated_observation,third_party_aggregator_unverified
FUND_HOLDING_3e7bae91eb094fb832da,PUBLIC_FUND_005827,005827,2026-03-31,00700.HK,腾讯控股,0.096,6018000.0,share,2571779100.0,CNY,source_fund_portfolio_scope_unknown,2026-04-22T23:59:59+08:00,available_after_announcement_date_end,Eastmoney fund holdings via AkShare fund_portfolio_hold_em,ccmx_005827|2026年1季度股票投资明细|00700.HK,aggregated_observation,third_party_aggregator_unverified
FUND_HOLDING_ec905c9bc0c8727a3196,PUBLIC_FUND_005827,005827,2026-03-31,09987.HK,百胜中国,0.0956,7523900.0,share,2560299900.0,CNY,source_fund_portfolio_scope_unknown,2026-04-22T23:59:59+08:00,available_after_announcement_date_end,Eastmoney fund holdings via AkShare fund_portfolio_hold_em,ccmx_005827|2026年1季度股票投资明细|09987.HK,aggregated_observation,third_party_aggregator_unverified
FUND_HOLDING_cb159317dcaa9a20ff72,PUBLIC_FUND_005827,005827,2026-03-31,00883.HK,中国海洋石油,0.0928,100600000.0,share,2487093600.0,CNY,source_fund_portfolio_scope_unknown,2026-04-22T23:59:59+08:00,available_after_announcement_date_end,Eastmoney fund holdings via AkShare fund_portfolio_hold_em,ccmx_005827|2026年1季度股票投资明细|00883.HK,aggregated_observation,third_party_aggregator_unverified
FUND_HOLDING_41fd50f0eea7fc584a66,PUBLIC_FUND_005827,005827,2026-03-31,600809.SH,山西汾酒,0.0927,17360000.0,share,2483528000.0,CNY,source_fund_portfolio_scope_unknown,2026-04-22T23:59:59+08:00,available_after_announcement_date_end,Eastmoney fund holdings via AkShare fund_portfolio_hold_em,ccmx_005827|2026年1季度股票投资明细|600809.SH,aggregated_observation,third_party_aggregator_unverified
FUND_HOLDING_62b2f5fb10ab28ae4e98,PUBLIC_FUND_005827,005827,2026-03-31,09988.HK,阿里巴巴-W,0.0922,23500000.0,share,2469169700.0,CNY,source_fund_portfolio_scope_unknown,2026-04-22T23:59:59+08:00,available_after_announcement_date_end,Eastmoney fund holdings via AkShare fund_portfolio_hold_em,ccmx_005827|2026年1季度股票投资明细|09988.HK,aggregated_observation,third_party_aggregator_unverified
FUND_HOLDING_195ef5757eaa5d33a4ef,PUBLIC_FUND_005827,005827,2026-03-31,06618.HK,京东健康,0.0439,28300000.0,share,1175911000.0,CNY,source_fund_portfolio_scope_unknown,2026-04-22T23:59:59+08:00,available_after_announcement_date_end,Eastmoney fund holdings via AkShare fund_portfolio_hold_em,ccmx_005827|2026年1季度股票投资明细|06618.HK,aggregated_observation,third_party_aggregator_unverified
FUND_HOLDING_313c6938e3c89982f1be,PUBLIC_FUND_005827,005827,2026-03-31,002027.SZ,分众传媒,0.0396,162000000.0,share,1061100000.0,CNY,source_fund_portfolio_scope_unknown,2026-04-22T23:59:59+08:00,available_after_announcement_date_end,Eastmoney fund holdings via AkShare fund_portfolio_hold_em,ccmx_005827|2026年1季度股票投资明细|002027.SZ,aggregated_observation,third_party_aggregator_unverified
FUND_HOLDING_172391ef668c2ce4f798,PUBLIC_FUND_005827,005827,2026-06-30,00700.HK,腾讯控股,0.0572,3130500.0,share,1168624400.0,CNY,source_fund_portfolio_scope_unknown,2026-07-21T23:59:59+08:00,available_after_announcement_date_end,Eastmoney fund holdings via AkShare fund_portfolio_hold_em,ccmx_005827|2026年2季度股票投资明细|00700.HK,aggregated_observation,third_party_aggregator_unverified
FUND_HOLDING_d3cffcd07ab0b85017e2,PUBLIC_FUND_005827,005827,2026-06-30,600519.SH,贵州茅台,0.0562,968500.0,share,1148147100.0,CNY,source_fund_portfolio_scope_unknown,2026-07-21T23:59:59+08:00,available_after_announcement_date_end,Eastmoney fund holdings via AkShare fund_portfolio_hold_em,ccmx_005827|2026年2季度股票投资明细|600519.SH,aggregated_observation,third_party_aggregator_unverified
FUND_HOLDING_4b89c21d6c8c0f8724e8,PUBLIC_FUND_005827,005827,2026-06-30,09987.HK,百胜中国,0.0549,4037500.0,share,1120763900.0,CNY,source_fund_portfolio_scope_unknown,2026-07-21T23:59:59+08:00,available_after_announcement_date_end,Eastmoney fund holdings via AkShare fund_portfolio_hold_em,ccmx_005827|2026年2季度股票投资明细|09987.HK,aggregated_observation,third_party_aggregator_unverified
FUND_HOLDING_1ea6eb5472cf2fe8589a,PUBLIC_FUND_005827,005827,2026-06-30,00883.HK,中国海洋石油,0.051,58950000.0,share,1040404800.0,CNY,source_fund_portfolio_scope_unknown,2026-07-21T23:59:59+08:00,available_after_announcement_date_end,Eastmoney fund holdings via AkShare fund_portfolio_hold_em,ccmx_005827|2026年2季度股票投资明细|00883.HK,aggregated_observation,third_party_aggregator_unverified
FUND_HOLDING_5a9472b434ccaa2bd92d,PUBLIC_FUND_005827,005827,2026-06-30,000568.SZ,泸州老窖,0.0462,12180100.0,share,944202300.0,CNY,source_fund_portfolio_scope_unknown,2026-07-21T23:59:59+08:00,available_after_announcement_date_end,Eastmoney fund holdings via AkShare fund_portfolio_hold_em,ccmx_005827|2026年2季度股票投资明细|000568.SZ,aggregated_observation,third_party_aggregator_unverified
FUND_HOLDING_42d9525a126d22e90fa1,PUBLIC_FUND_005827,005827,2026-06-30,000858.SZ,五粮液,0.0273,7530100.0,share,557227300.0,CNY,source_fund_portfolio_scope_unknown,2026-07-21T23:59:59+08:00,available_after_announcement_date_end,Eastmoney fund holdings via AkShare fund_portfolio_hold_em,ccmx_005827|2026年2季度股票投资明细|000858.SZ,aggregated_observation,third_party_aggregator_unverified
FUND_HOLDING_c6ac367b962f8f73262e,PUBLIC_FUND_005827,005827,2026-06-30,600809.SH,山西汾酒,0.0271,5050000.0,share,552318500.0,CNY,source_fund_portfolio_scope_unknown,2026-07-21T23:59:59+08:00,available_after_announcement_date_end,Eastmoney fund holdings via AkShare fund_portfolio_hold_em,ccmx_005827|2026年2季度股票投资明细|600809.SH,aggregated_observation,third_party_aggregator_unverified
FUND_HOLDING_dab164c34d3c8ec1d6e4,PUBLIC_FUND_005827,005827,2026-06-30,00981.HK,中芯国际,0.0234,6150000.0,share,477537500.0,CNY,source_fund_portfolio_scope_unknown,2026-07-21T23:59:59+08:00,available_after_announcement_date_end,Eastmoney fund holdings via AkShare fund_portfolio_hold_em,ccmx_005827|2026年2季度股票投资明细|00981.HK,aggregated_observation,third_party_aggregator_unverified
FUND_HOLDING_1b60b536964af2763302,PUBLIC_FUND_005827,005827,2026-06-30,002384.SZ,东山精密,0.0234,1820000.0,share,477477000.0,CNY,source_fund_portfolio_scope_unknown,2026-07-21T23:59:59+08:00,available_after_announcement_date_end,Eastmoney fund holdings via AkShare fund_portfolio_hold_em,ccmx_005827|2026年2季度股票投资明细|002384.SZ,aggregated_observation,third_party_aggregator_unverified
FUND_HOLDING_e3b197bfd1731a6aefdd,PUBLIC_FUND_005827,005827,2026-06-30,09988.HK,阿里巴巴-W,0.0228,5780000.0,share,466127300.0,CNY,source_fund_portfolio_scope_unknown,2026-07-21T23:59:59+08:00,available_after_announcement_date_end,Eastmoney fund holdings via AkShare fund_portfolio_hold_em,ccmx_005827|2026年2季度股票投资明细|09988.HK,aggregated_observation,third_party_aggregator_unverified
FUND_HOLDING_44ca41378e13aed1435c,PUBLIC_FUND_260108,260108,2026-03-31,600519.SH,贵州茅台,0.0993,909600.0,share,1318920000.0,CNY,source_fund_portfolio_scope_unknown,2026-04-22T23:59:59+08:00,available_after_announcement_date_end,Eastmoney fund holdings via AkShare fund_portfolio_hold_em,ccmx_260108|2026年1季度股票投资明细|600519.SH,aggregated_observation,third_party_aggregator_unverified
FUND_HOLDING_bf533b147a07e277fe70,PUBLIC_FUND_260108,260108,2026-03-31,002311.SZ,海大集团,0.0923,24600000.0,share,1225326000.0,CNY,source_fund_portfolio_scope_unknown,2026-04-22T23:59:59+08:00,available_after_announcement_date_end,Eastmoney fund holdings via AkShare fund_portfolio_hold_em,ccmx_260108|2026年1季度股票投资明细|002311.SZ,aggregated_observation,third_party_aggregator_unverified
FUND_HOLDING_9bd6f27aa0f0be2c0daa,PUBLIC_FUND_260108,260108,2026-03-31,000333.SZ,美的集团,0.0748,13000000.0,share,992550000.0,CNY,source_fund_portfolio_scope_unknown,2026-04-22T23:59:59+08:00,available_after_announcement_date_end,Eastmoney fund holdings via AkShare fund_portfolio_hold_em,ccmx_260108|2026年1季度股票投资明细|000333.SZ,aggregated_observation,third_party_aggregator_unverified
FUND_HOLDING_289a005d80e50349201f,PUBLIC_FUND_260108,260108,2026-03-31,603259.SH,药明康德,0.0739,10000000.0,share,981000500.0,CNY,source_fund_portfolio_scope_unknown,2026-04-22T23:59:59+08:00,available_after_announcement_date_end,Eastmoney fund holdings via AkShare fund_portfolio_hold_em,ccmx_260108|2026年1季度股票投资明细|603259.SH,aggregated_observation,third_party_aggregator_unverified
FUND_HOLDING_8983626180d3b46ae497,PUBLIC_FUND_260108,260108,2026-03-31,601888.SH,中国中免,0.0737,13900000.0,share,978282000.0,CNY,source_fund_portfolio_scope_unknown,2026-04-22T23:59:59+08:00,available_after_announcement_date_end,Eastmoney fund holdings via AkShare fund_portfolio_hold_em,ccmx_260108|2026年1季度股票投资明细|601888.SH,aggregated_observation,third_party_aggregator_unverified
FUND_HOLDING_9a609abeeb73739d242e,PUBLIC_FUND_260108,260108,2026-03-31,600809.SH,山西汾酒,0.0711,6600000.0,share,944196000.0,CNY,source_fund_portfolio_scope_unknown,2026-04-22T23:59:59+08:00,available_after_announcement_date_end,Eastmoney fund holdings via AkShare fund_portfolio_hold_em,ccmx_260108|2026年1季度股票投资明细|600809.SH,aggregated_observation,third_party_aggregator_unverified
FUND_HOLDING_e71cad389d99e46bf02c,PUBLIC_FUND_260108,260108,2026-03-31,603899.SH,晨光股份,0.0556,29200000.0,share,737884000.0,CNY,source_fund_portfolio_scope_unknown,2026-04-22T23:59:59+08:00,available_after_announcement_date_end,Eastmoney fund holdings via AkShare fund_portfolio_hold_em,ccmx_260108|2026年1季度股票投资明细|603899.SH,aggregated_observation,third_party_aggregator_unverified
FUND_HOLDING_29e9c8db0dcc003cedf8,PUBLIC_FUND_260108,260108,2026-03-31,000858.SZ,五粮液,0.0552,7100000.0,share,733217000.0,CNY,source_fund_portfolio_scope_unknown,2026-04-22T23:59:59+08:00,available_after_announcement_date_end,Eastmoney fund holdings via AkShare fund_portfolio_hold_em,ccmx_260108|2026年1季度股票投资明细|000858.SZ,aggregated_observation,third_party_aggregator_unverified
FUND_HOLDING_f7e5320f56565b2c59d0,PUBLIC_FUND_260108,260108,2026-03-31,000568.SZ,泸州老窖,0.0512,6500000.0,share,680420000.0,CNY,source_fund_portfolio_scope_unknown,2026-04-22T23:59:59+08:00,available_after_announcement_date_end,Eastmoney fund holdings via AkShare fund_portfolio_hold_em,ccmx_260108|2026年1季度股票投资明细|000568.SZ,aggregated_observation,third_party_aggregator_unverified
FUND_HOLDING_3b2fd3521b6365b97509,PUBLIC_FUND_260108,260108,2026-03-31,300760.SZ,迈瑞医疗,0.0496,4000000.0,share,658640000.0,CNY,source_fund_portfolio_scope_unknown,2026-04-22T23:59:59+08:00,available_after_announcement_date_end,Eastmoney fund holdings via AkShare fund_portfolio_hold_em,ccmx_260108|2026年1季度股票投资明细|300760.SZ,aggregated_observation,third_party_aggregator_unverified
FUND_HOLDING_4de1feba6dd0f9ed47f3,PUBLIC_FUND_260108,260108,2026-06-30,603259.SH,药明康德,0.0989,8550000.0,share,1064560500.0,CNY,source_fund_portfolio_scope_unknown,2026-07-21T23:59:59+08:00,available_after_announcement_date_end,Eastmoney fund holdings via AkShare fund_portfolio_hold_em,ccmx_260108|2026年2季度股票投资明细|603259.SH,aggregated_observation,third_party_aggregator_unverified
FUND_HOLDING_787ca6fae500ef8c471a,PUBLIC_FUND_260108,260108,2026-06-30,600519.SH,贵州茅台,0.0958,870000.0,share,1031376300.0,CNY,source_fund_portfolio_scope_unknown,2026-07-21T23:59:59+08:00,available_after_announcement_date_end,Eastmoney fund holdings via AkShare fund_portfolio_hold_em,ccmx_260108|2026年2季度股票投资明细|600519.SH,aggregated_observation,third_party_aggregator_unverified
FUND_HOLDING_b236600ed7c600fd6e25,PUBLIC_FUND_260108,260108,2026-06-30,000333.SZ,美的集团,0.0912,13000000.0,share,981890000.0,CNY,source_fund_portfolio_scope_unknown,2026-07-21T23:59:59+08:00,available_after_announcement_date_end,Eastmoney fund holdings via AkShare fund_portfolio_hold_em,ccmx_260108|2026年2季度股票投资明细|000333.SZ,aggregated_observation,third_party_aggregator_unverified
FUND_HOLDING_8d2fb828db9e0ceaa6f2,PUBLIC_FUND_260108,260108,2026-06-30,002311.SZ,海大集团,0.0717,17300000.0,share,771753000.0,CNY,source_fund_portfolio_scope_unknown,2026-07-21T23:59:59+08:00,available_after_announcement_date_end,Eastmoney fund holdings via AkShare fund_portfolio_hold_em,ccmx_260108|2026年2季度股票投资明细|002311.SZ,aggregated_observation,third_party_aggregator_unverified
FUND_HOLDING_b8bfde8127df3238d6c7,PUBLIC_FUND_260108,260108,2026-06-30,603899.SH,晨光股份,0.0506,26400000.0,share,544632000.0,CNY,source_fund_portfolio_scope_unknown,2026-07-21T23:59:59+08:00,available_after_announcement_date_end,Eastmoney fund holdings via AkShare fund_portfolio_hold_em,ccmx_260108|2026年2季度股票投资明细|603899.SH,aggregated_observation,third_party_aggregator_unverified
FUND_HOLDING_341dd48b2d240108f1e5,PUBLIC_FUND_260108,260108,2026-06-30,002415.SZ,海康威视,0.0477,15000000.0,share,513000000.0,CNY,source_fund_portfolio_scope_unknown,2026-07-21T23:59:59+08:00,available_after_announcement_date_end,Eastmoney fund holdings via AkShare fund_portfolio_hold_em,ccmx_260108|2026年2季度股票投资明细|002415.SZ,aggregated_observation,third_party_aggregator_unverified
FUND_HOLDING_b2e894ac2daccbeb235b,PUBLIC_FUND_260108,260108,2026-06-30,300750.SZ,宁德时代,0.0441,1206900.0,share,474323800.0,CNY,source_fund_portfolio_scope_unknown,2026-07-21T23:59:59+08:00,available_after_announcement_date_end,Eastmoney fund holdings via AkShare fund_portfolio_hold_em,ccmx_260108|2026年2季度股票投资明细|300750.SZ,aggregated_observation,third_party_aggregator_unverified
FUND_HOLDING_5414d40ed8a88aac6e24,PUBLIC_FUND_260108,260108,2026-06-30,600809.SH,山西汾酒,0.0406,4000000.0,share,437480000.0,CNY,source_fund_portfolio_scope_unknown,2026-07-21T23:59:59+08:00,available_after_announcement_date_end,Eastmoney fund holdings via AkShare fund_portfolio_hold_em,ccmx_260108|2026年2季度股票投资明细|600809.SH,aggregated_observation,third_party_aggregator_unverified
FUND_HOLDING_5d5943ec5dfb549f2160,PUBLIC_FUND_260108,260108,2026-06-30,000596.SZ,古井贡酒,0.0384,5180000.0,share,413364000.0,CNY,source_fund_portfolio_scope_unknown,2026-07-21T23:59:59+08:00,available_after_announcement_date_end,Eastmoney fund holdings via AkShare fund_portfolio_hold_em,ccmx_260108|2026年2季度股票投资明细|000596.SZ,aggregated_observation,third_party_aggregator_unverified
FUND_HOLDING_b63779362d1898cefa39,PUBLIC_FUND_260108,260108,2026-06-30,600887.SH,伊利股份,0.0378,17000000.0,share,407320000.0,CNY,source_fund_portfolio_scope_unknown,2026-07-21T23:59:59+08:00,available_after_announcement_date_end,Eastmoney fund holdings via AkShare fund_portfolio_hold_em,ccmx_260108|2026年2季度股票投资明细|600887.SH,aggregated_observation,third_party_aggregator_unverified
FUND_HOLDING_b41e26977e0fed132933,PUBLIC_FUND_161725,161725,2026-03-31,600519.SH,贵州茅台,0.1833,5083400.0,share,7370866200.0,CNY,source_fund_portfolio_scope_unknown,2026-04-22T23:59:59+08:00,available_after_announcement_date_end,Eastmoney fund holdings via AkShare fund_portfolio_hold_em,ccmx_161725|2026年1季度股票投资明细|600519.SH,aggregated_observation,third_party_aggregator_unverified
FUND_HOLDING_3e50978d10089cacf9b5,PUBLIC_FUND_161725,161725,2026-03-31,000858.SZ,五粮液,0.1614,62849000.0,share,6490413100.0,CNY,source_fund_portfolio_scope_unknown,2026-04-22T23:59:59+08:00,available_after_announcement_date_end,Eastmoney fund holdings via AkShare fund_portfolio_hold_em,ccmx_161725|2026年1季度股票投资明细|000858.SZ,aggregated_observation,third_party_aggregator_unverified
FUND_HOLDING_b627871bcc3ad37f9f12,PUBLIC_FUND_161725,161725,2026-03-31,000568.SZ,泸州老窖,0.147,56467400.0,share,5911006600.0,CNY,source_fund_portfolio_scope_unknown,2026-04-22T23:59:59+08:00,available_after_announcement_date_end,Eastmoney fund holdings via AkShare fund_portfolio_hold_em,ccmx_161725|2026年1季度股票投资明细|000568.SZ,aggregated_observation,third_party_aggregator_unverified
FUND_HOLDING_3b50194eb44986fde68f,PUBLIC_FUND_161725,161725,2026-03-31,600809.SH,山西汾酒,0.1432,40257100.0,share,5759174300.0,CNY,source_fund_portfolio_scope_unknown,2026-04-22T23:59:59+08:00,available_after_announcement_date_end,Eastmoney fund holdings via AkShare fund_portfolio_hold_em,ccmx_161725|2026年1季度股票投资明细|600809.SH,aggregated_observation,third_party_aggregator_unverified
FUND_HOLDING_e086bf1c6eff19895554,PUBLIC_FUND_161725,161725,2026-03-31,002304.SZ,洋河股份,0.0774,61359900.0,share,3113401800.0,CNY,source_fund_portfolio_scope_unknown,2026-04-22T23:59:59+08:00,available_after_announcement_date_end,Eastmoney fund holdings via AkShare fund_portfolio_hold_em,ccmx_161725|2026年1季度股票投资明细|002304.SZ,aggregated_observation,third_party_aggregator_unverified
FUND_HOLDING_2e382f13e4c743bb06fc,PUBLIC_FUND_161725,161725,2026-03-31,000596.SZ,古井贡酒,0.0451,17641900.0,share,1814470200.0,CNY,source_fund_portfolio_scope_unknown,2026-04-22T23:59:59+08:00,available_after_announcement_date_end,Eastmoney fund holdings via AkShare fund_portfolio_hold_em,ccmx_161725|2026年1季度股票投资明细|000596.SZ,aggregated_observation,third_party_aggregator_unverified
FUND_HOLDING_36cbcdd22b65a82520b3,PUBLIC_FUND_161725,161725,2026-03-31,603369.SH,今世缘,0.0407,61714300.0,share,1635428400.0,CNY,source_fund_portfolio_scope_unknown,2026-04-22T23:59:59+08:00,available_after_announcement_date_end,Eastmoney fund holdings via AkShare fund_portfolio_hold_em,ccmx_161725|2026年1季度股票投资明细|603369.SH,aggregated_observation,third_party_aggregator_unverified
FUND_HOLDING_1132bee86e4cb3e5aa4e,PUBLIC_FUND_161725,161725,2026-03-31,603198.SH,迎驾贡酒,0.0228,28204000.0,share,916628700.0,CNY,source_fund_portfolio_scope_unknown,2026-04-22T23:59:59+08:00,available_after_announcement_date_end,Eastmoney fund holdings via AkShare fund_portfolio_hold_em,ccmx_161725|2026年1季度股票投资明细|603198.SH,aggregated_observation,third_party_aggregator_unverified
FUND_HOLDING_4c1195e045aee7f0021e,PUBLIC_FUND_161725,161725,2026-03-31,600702.SH,舍得酒业,0.0185,16453800.0,share,744038800.0,CNY,source_fund_portfolio_scope_unknown,2026-04-22T23:59:59+08:00,available_after_announcement_date_end,Eastmoney fund holdings via AkShare fund_portfolio_hold_em,ccmx_161725|2026年1季度股票投资明细|600702.SH,aggregated_observation,third_party_aggregator_unverified
FUND_HOLDING_4a3562b95db616813a66,PUBLIC_FUND_161725,161725,2026-03-31,603589.SH,口子窖,0.0182,29679600.0,share,733086000.0,CNY,source_fund_portfolio_scope_unknown,2026-04-22T23:59:59+08:00,available_after_announcement_date_end,Eastmoney fund holdings via AkShare fund_portfolio_hold_em,ccmx_161725|2026年1季度股票投资明细|603589.SH,aggregated_observation,third_party_aggregator_unverified
FUND_HOLDING_cf7573a02ee6ff369c91,PUBLIC_FUND_161725,161725,2026-06-30,600519.SH,贵州茅台,0.1728,4562500.0,share,5408749500.0,CNY,source_fund_portfolio_scope_unknown,2026-07-21T23:59:59+08:00,available_after_announcement_date_end,Eastmoney fund holdings via AkShare fund_portfolio_hold_em,ccmx_161725|2026年2季度股票投资明细|600519.SH,aggregated_observation,third_party_aggregator_unverified
FUND_HOLDING_4a172999ee92064247c3,PUBLIC_FUND_161725,161725,2026-06-30,600809.SH,山西汾酒,0.1519,43483200.0,share,4755754400.0,CNY,source_fund_portfolio_scope_unknown,2026-07-21T23:59:59+08:00,available_after_announcement_date_end,Eastmoney fund holdings via AkShare fund_portfolio_hold_em,ccmx_161725|2026年2季度股票投资明细|600809.SH,aggregated_observation,third_party_aggregator_unverified
FUND_HOLDING_69562251f2c6ea35aae0,PUBLIC_FUND_161725,161725,2026-06-30,000568.SZ,泸州老窖,0.1503,60707200.0,share,4706018700.0,CNY,source_fund_portfolio_scope_unknown,2026-07-21T23:59:59+08:00,available_after_announcement_date_end,Eastmoney fund holdings via AkShare fund_portfolio_hold_em,ccmx_161725|2026年2季度股票投资明细|000568.SZ,aggregated_observation,third_party_aggregator_unverified
FUND_HOLDING_0dc3a0e3ee4ffe5d8861,PUBLIC_FUND_161725,161725,2026-06-30,000858.SZ,五粮液,0.1422,60147800.0,share,4450933600.0,CNY,source_fund_portfolio_scope_unknown,2026-07-21T23:59:59+08:00,available_after_announcement_date_end,Eastmoney fund holdings via AkShare fund_portfolio_hold_em,ccmx_161725|2026年2季度股票投资明细|000858.SZ,aggregated_observation,third_party_aggregator_unverified
FUND_HOLDING_2d442651c2cca37dcb09,PUBLIC_FUND_161725,161725,2026-06-30,002304.SZ,洋河股份,0.0788,64637400.0,share,2465915100.0,CNY,source_fund_portfolio_scope_unknown,2026-07-21T23:59:59+08:00,available_after_announcement_date_end,Eastmoney fund holdings via AkShare fund_portfolio_hold_em,ccmx_161725|2026年2季度股票投资明细|002304.SZ,aggregated_observation,third_party_aggregator_unverified
FUND_HOLDING_b611527b7827bb49a332,PUBLIC_FUND_161725,161725,2026-06-30,000596.SZ,古井贡酒,0.0486,19057600.0,share,1520798700.0,CNY,source_fund_portfolio_scope_unknown,2026-07-21T23:59:59+08:00,available_after_announcement_date_end,Eastmoney fund holdings via AkShare fund_portfolio_hold_em,ccmx_161725|2026年2季度股票投资明细|000596.SZ,aggregated_observation,third_party_aggregator_unverified
FUND_HOLDING_942f289955294d6adede,PUBLIC_FUND_161725,161725,2026-06-30,603369.SH,今世缘,0.0467,61714300.0,share,1463245600.0,CNY,source_fund_portfolio_scope_unknown,2026-07-21T23:59:59+08:00,available_after_announcement_date_end,Eastmoney fund holdings via AkShare fund_portfolio_hold_em,ccmx_161725|2026年2季度股票投资明细|603369.SH,aggregated_observation,third_party_aggregator_unverified
FUND_HOLDING_266ba2bd9e5464ecca1e,PUBLIC_FUND_161725,161725,2026-06-30,603198.SH,迎驾贡酒,0.0272,28786300.0,share,852073300.0,CNY,source_fund_portfolio_scope_unknown,2026-07-21T23:59:59+08:00,available_after_announcement_date_end,Eastmoney fund holdings via AkShare fund_portfolio_hold_em,ccmx_161725|2026年2季度股票投资明细|603198.SH,aggregated_observation,third_party_aggregator_unverified
FUND_HOLDING_e56213c3e830fbc947ca,PUBLIC_FUND_161725,161725,2026-06-30,000799.SZ,酒鬼酒,0.0223,15947500.0,share,696903700.0,CNY,source_fund_portfolio_scope_unknown,2026-07-21T23:59:59+08:00,available_after_announcement_date_end,Eastmoney fund holdings via AkShare fund_portfolio_hold_em,ccmx_161725|2026年2季度股票投资明细|000799.SZ,aggregated_observation,third_party_aggregator_unverified
FUND_HOLDING_0765bc75f60ec1f69544,PUBLIC_FUND_161725,161725,2026-06-30,600702.SH,舍得酒业,0.0187,16453800.0,share,584931000.0,CNY,source_fund_portfolio_scope_unknown,2026-07-21T23:59:59+08:00,available_after_announcement_date_end,Eastmoney fund holdings via AkShare fund_portfolio_hold_em,ccmx_161725|2026年2季度股票投资明细|600702.SH,aggregated_observation,third_party_aggregator_unverified
FUND_HOLDING_f7dff4f63cf68f25a172,PUBLIC_FUND_003096,003096,2026-03-31,603259.SH,药明康德,0.1008,25967100.0,share,2547373000.0,CNY,source_fund_portfolio_scope_unknown,2026-04-22T23:59:59+08:00,available_after_announcement_date_end,Eastmoney fund holdings via AkShare fund_portfolio_hold_em,ccmx_003096|2026年1季度股票投资明细|603259.SH,aggregated_observation,third_party_aggregator_unverified
FUND_HOLDING_9d0b22085e6e304035f0,PUBLIC_FUND_003096,003096,2026-03-31,600276.SH,恒瑞医药,0.0974,44566200.0,share,2460943400.0,CNY,source_fund_portfolio_scope_unknown,2026-04-22T23:59:59+08:00,available_after_announcement_date_end,Eastmoney fund holdings via AkShare fund_portfolio_hold_em,ccmx_003096|2026年1季度股票投资明细|600276.SH,aggregated_observation,third_party_aggregator_unverified
FUND_HOLDING_7f2167b4e070aab2a403,PUBLIC_FUND_003096,003096,2026-03-31,300759.SZ,康龙化成,0.0756,68295200.0,share,1910898500.0,CNY,source_fund_portfolio_scope_unknown,2026-04-22T23:59:59+08:00,available_after_announcement_date_end,Eastmoney fund holdings via AkShare fund_portfolio_hold_em,ccmx_003096|2026年1季度股票投资明细|300759.SZ,aggregated_observation,third_party_aggregator_unverified
FUND_HOLDING_63f2a8aecd01b28acc88,PUBLIC_FUND_003096,003096,2026-03-31,002821.SZ,凯莱英,0.0715,16319000.0,share,1807650100.0,CNY,source_fund_portfolio_scope_unknown,2026-04-22T23:59:59+08:00,available_after_announcement_date_end,Eastmoney fund holdings via AkShare fund_portfolio_hold_em,ccmx_003096|2026年1季度股票投资明细|002821.SZ,aggregated_observation,third_party_aggregator_unverified
FUND_HOLDING_979b0c8065bb43273c94,PUBLIC_FUND_003096,003096,2026-03-31,002653.SZ,海思科,0.0647,30108300.0,share,1634276900.0,CNY,source_fund_portfolio_scope_unknown,2026-04-22T23:59:59+08:00,available_after_announcement_date_end,Eastmoney fund holdings via AkShare fund_portfolio_hold_em,ccmx_003096|2026年1季度股票投资明细|002653.SZ,aggregated_observation,third_party_aggregator_unverified
FUND_HOLDING_566f0cd068333f8907aa,PUBLIC_FUND_003096,003096,2026-03-31,688506.SH,百利天恒,0.0637,5794200.0,share,1610799800.0,CNY,source_fund_portfolio_scope_unknown,2026-04-22T23:59:59+08:00,available_after_announcement_date_end,Eastmoney fund holdings via AkShare fund_portfolio_hold_em,ccmx_003096|2026年1季度股票投资明细|688506.SH,aggregated_observation,third_party_aggregator_unverified
FUND_HOLDING_4788ced92105a35d9c3a,PUBLIC_FUND_003096,003096,2026-03-31,002422.SZ,科伦药业,0.0576,41933300.0,share,1454664700.0,CNY,source_fund_portfolio_scope_unknown,2026-04-22T23:59:59+08:00,available_after_announcement_date_end,Eastmoney fund holdings via AkShare fund_portfolio_hold_em,ccmx_003096|2026年1季度股票投资明细|002422.SZ,aggregated_observation,third_party_aggregator_unverified
FUND_HOLDING_4b4227c9ec40b27ee22f,PUBLIC_FUND_003096,003096,2026-03-31,002294.SZ,信立泰,0.0572,23574800.0,share,1445371500.0,CNY,source_fund_portfolio_scope_unknown,2026-04-22T23:59:59+08:00,available_after_announcement_date_end,Eastmoney fund holdings via AkShare fund_portfolio_hold_em,ccmx_003096|2026年1季度股票投资明细|002294.SZ,aggregated_observation,third_party_aggregator_unverified
FUND_HOLDING_d5017ea182b3c28a5cf4,PUBLIC_FUND_003096,003096,2026-03-31,300347.SZ,泰格医药,0.0568,26644300.0,share,1434263400.0,CNY,source_fund_portfolio_scope_unknown,2026-04-22T23:59:59+08:00,available_after_announcement_date_end,Eastmoney fund holdings via AkShare fund_portfolio_hold_em,ccmx_003096|2026年1季度股票投资明细|300347.SZ,aggregated_observation,third_party_aggregator_unverified
FUND_HOLDING_c1ba5730ebea1698892e,PUBLIC_FUND_003096,003096,2026-03-31,688578.SH,艾力斯,0.0316,8314000.0,share,798141000.0,CNY,source_fund_portfolio_scope_unknown,2026-04-22T23:59:59+08:00,available_after_announcement_date_end,Eastmoney fund holdings via AkShare fund_portfolio_hold_em,ccmx_003096|2026年1季度股票投资明细|688578.SH,aggregated_observation,third_party_aggregator_unverified
FUND_HOLDING_b5591e69aedacb5080c9,PUBLIC_FUND_003096,003096,2026-06-30,002821.SZ,凯莱英,0.1057,16161500.0,share,2618164900.0,CNY,source_fund_portfolio_scope_unknown,2026-07-21T23:59:59+08:00,available_after_announcement_date_end,Eastmoney fund holdings via AkShare fund_portfolio_hold_em,ccmx_003096|2026年2季度股票投资明细|002821.SZ,aggregated_observation,third_party_aggregator_unverified
FUND_HOLDING_6206c653826387b2fcd6,PUBLIC_FUND_003096,003096,2026-06-30,688506.SH,百利天恒,0.0989,8333300.0,share,2450232000.0,CNY,source_fund_portfolio_scope_unknown,2026-07-21T23:59:59+08:00,available_after_announcement_date_end,Eastmoney fund holdings via AkShare fund_portfolio_hold_em,ccmx_003096|2026年2季度股票投资明细|688506.SH,aggregated_observation,third_party_aggregator_unverified
FUND_HOLDING_7790fcc539a9b92c998c,PUBLIC_FUND_003096,003096,2026-06-30,600276.SH,恒瑞医药,0.0986,46919100.0,share,2441669500.0,CNY,source_fund_portfolio_scope_unknown,2026-07-21T23:59:59+08:00,available_after_announcement_date_end,Eastmoney fund holdings via AkShare fund_portfolio_hold_em,ccmx_003096|2026年2季度股票投资明细|600276.SH,aggregated_observation,third_party_aggregator_unverified
FUND_HOLDING_7926d174bd3ac3a96ef4,PUBLIC_FUND_003096,003096,2026-06-30,603259.SH,药明康德,0.0985,19601500.0,share,2440578900.0,CNY,source_fund_portfolio_scope_unknown,2026-07-21T23:59:59+08:00,available_after_announcement_date_end,Eastmoney fund holdings via AkShare fund_portfolio_hold_em,ccmx_003096|2026年2季度股票投资明细|603259.SH,aggregated_observation,third_party_aggregator_unverified
FUND_HOLDING_0bf3d6dfbf230067828c,PUBLIC_FUND_003096,003096,2026-06-30,002653.SZ,海思科,0.0862,32191000.0,share,2135548900.0,CNY,source_fund_portfolio_scope_unknown,2026-07-21T23:59:59+08:00,available_after_announcement_date_end,Eastmoney fund holdings via AkShare fund_portfolio_hold_em,ccmx_003096|2026年2季度股票投资明细|002653.SZ,aggregated_observation,third_party_aggregator_unverified
FUND_HOLDING_005081318c14a89718e1,PUBLIC_FUND_003096,003096,2026-06-30,300759.SZ,康龙化成,0.0845,72387900.0,share,2094182200.0,CNY,source_fund_portfolio_scope_unknown,2026-07-21T23:59:59+08:00,available_after_announcement_date_end,Eastmoney fund holdings via AkShare fund_portfolio_hold_em,ccmx_003096|2026年2季度股票投资明细|300759.SZ,aggregated_observation,third_party_aggregator_unverified
FUND_HOLDING_21f0216766936cd309b6,PUBLIC_FUND_003096,003096,2026-06-30,002422.SZ,科伦药业,0.0814,52325400.0,share,2015574800.0,CNY,source_fund_portfolio_scope_unknown,2026-07-21T23:59:59+08:00,available_after_announcement_date_end,Eastmoney fund holdings via AkShare fund_portfolio_hold_em,ccmx_003096|2026年2季度股票投资明细|002422.SZ,aggregated_observation,third_party_aggregator_unverified
FUND_HOLDING_643621a60f1382d354b5,PUBLIC_FUND_003096,003096,2026-06-30,300347.SZ,泰格医药,0.0433,22364000.0,share,1073470300.0,CNY,source_fund_portfolio_scope_unknown,2026-07-21T23:59:59+08:00,available_after_announcement_date_end,Eastmoney fund holdings via AkShare fund_portfolio_hold_em,ccmx_003096|2026年2季度股票投资明细|300347.SZ,aggregated_observation,third_party_aggregator_unverified
FUND_HOLDING_873d14f00b889f70f1a2,PUBLIC_FUND_003096,003096,2026-06-30,688578.SH,艾力斯,0.0337,7649000.0,share,835266000.0,CNY,source_fund_portfolio_scope_unknown,2026-07-21T23:59:59+08:00,available_after_announcement_date_end,Eastmoney fund holdings via AkShare fund_portfolio_hold_em,ccmx_003096|2026年2季度股票投资明细|688578.SH,aggregated_observation,third_party_aggregator_unverified
FUND_HOLDING_0d1abaa985835471f0c7,PUBLIC_FUND_003096,003096,2026-06-30,688180.SH,君实生物,0.0202,14811400.0,share,500922600.0,CNY,source_fund_portfolio_scope_unknown,2026-07-21T23:59:59+08:00,available_after_announcement_date_end,Eastmoney fund holdings via AkShare fund_portfolio_hold_em,ccmx_003096|2026年2季度股票投资明细|688180.SH,aggregated_observation,third_party_aggregator_unverified
