基金代码,公告标题,基金名称,公告日期,报告ID
110022,易基消费:2013年第二季度报告,易方达消费行业股票,2013-07-17,AN201307170003595935
110022,易方达消费行业股票型证券投资基金2013年半年度报告(摘要),易方达消费行业股票,2013-08-28,AN201308270004273987
110022,易方达消费行业股票型证券投资基金2013年半年度报告,易方达消费行业股票,2013-08-28,AN201308280004276450
110022,易方达消费行业股票型证券投资基金2013年第3季度报告,易方达消费行业股票,2013-10-25,AN201310240004553441
110022,易方达基金管理有限公司旗下基金(除部分QDII基金)资产净值公告,易方达消费行业股票,2014-01-02,AN201401030004866823
110022,易方达消费行业股票型证券投资基金2013年第4季度报告,易方达消费行业股票,2014-01-21,AN201401200005012090
110022,易方达消费行业股票型证券投资基金2013年年度报告(摘要),易方达消费行业股票,2014-03-28,AN201403280005334121
110022,易方达消费行业股票型证券投资基金2013年年度报告,易方达消费行业股票,2014-03-28,AN201403280005335430
110022,易方达消费行业股票型证券投资基金2014年第1季度报告,易方达消费行业股票,2014-04-19,AN201404180005462098
110022,易方达消费行业股票型证券投资基金2014年第2季度报告,易方达消费行业股票,2014-07-21,AN201407190006391431
110022,易方达消费行业股票型证券投资基金2014年半年度报告(摘要),易方达消费行业股票,2014-08-27,AN201408260006787867
110022,易方达消费行业股票型证券投资基金2014年半年度报告,易方达消费行业股票,2014-08-27,AN201408270006794269
110022,易方达消费行业股票型证券投资基金2014年第3季度报告,易方达消费行业股票,2014-10-25,AN201410240007419498
110022,易方达消费行业股票型证券投资基金2014年第4季度报告,易方达消费行业股票,2015-01-20,AN201501190008165680
110022,易方达消费行业股票型证券投资基金2014年年度报告,易方达消费行业股票,2015-03-27,AN201503270008942781
110022,易方达消费行业股票型证券投资基金2014年年度报告(摘要),易方达消费行业股票,2015-03-27,AN201503260008929012
110022,易方达消费行业股票型证券投资基金2015年第1季度报告,易方达消费行业股票,2015-04-22,AN201504210009298194
110022,易方达消费行业股票型证券投资基金2015年第2季度报告,易方达消费行业股票,2015-07-20,AN201508030010377618
110022,易方达消费行业股票型证券投资基金2015年半年度报告(摘要),易方达消费行业股票,2015-08-26,AN201508250010611138
110022,易方达消费行业股票型证券投资基金2015年半年度报告,易方达消费行业股票,2015-08-26,AN201508260010616692
110022,易方达消费行业股票型证券投资基金2015年第3季度报告,易方达消费行业股票,2015-10-24,AN201510230011166879
110022,易方达消费行业股票型证券投资基金2015年第4季度报告,易方达消费行业股票,2016-01-22,AN201601210013224829
110022,易方达消费行业股票型证券投资基金2015年年度报告(摘要),易方达消费行业股票,2016-03-25,AN201603240014070542
110022,易方达消费行业股票型证券投资基金2015年年度报告,易方达消费行业股票,2016-03-25,AN201603250014077994
110022,易方达消费行业股票型证券投资基金2016年第1季度报告,易方达消费行业股票,2016-04-21,AN201604200014453960
110022,易方达基金管理有限公司部分旗下基金资产净值公告,易方达消费行业股票,2016-07-11,AN201607110016495639
110022,易方达消费行业股票型证券投资基金2016年第2季度报告,易方达消费行业股票,2016-07-19,AN201607180016622691
110022,易方达消费行业股票型证券投资基金2016年半年度报告,易方达消费行业股票,2016-08-24,AN201608240017275771
110022,易方达基金管理有限公司部分旗下基金资产净值公告,易方达消费行业股票,2016-10-10,AN201610100021783284
110022,易方达消费行业股票型证券投资基金2016年第3季度报告,易方达消费行业股票,2016-10-26,AN201610250025022919
110022,易方达消费行业股票型证券投资基金2016年第4季度报告,易方达消费行业股票,2017-01-20,AN201701190279862307
110022,易方达基金管理有限公司部分旗下基金资产净值公告,易方达消费行业股票,2017-03-13,AN201703130404709451
110022,易方达消费行业股票型证券投资基金2016年年度报告摘要,易方达消费行业股票,2017-03-31,AN201703300453314472
110022,易方达消费行业股票型证券投资基金2016年年度报告,易方达消费行业股票,2017-03-31,AN201703310456591001
110022,易方达消费行业股票型证券投资基金2017年第一季度报告,易方达消费行业股票,2017-04-21,AN201704200517959717
110022,易方达基金管理有限公司部分旗下基金资产净值的公告,易方达消费行业股票,2017-07-15,AN201707150721438299
110022,易方达消费行业股票型证券投资基金2017年第2季度报告,易方达消费行业股票,2017-07-21,AN201707200732618858
110022,易方达基金管理有限公司部分旗下基金资产净值公告,易方达消费行业股票,2017-07-24,AN201707240741184183
110022,易方达消费行业股票型证券投资基金2017年半年度报告,易方达消费行业股票,2017-08-29,AN201708290835952638
110022,易方达消费行业股票型证券投资基金2017年半年度报告(摘要),易方达消费行业股票,2017-08-29,AN201708280834479056
110022,易方达消费行业股票型证券投资基金2017年第3季度报告,易方达消费行业股票,2017-10-26,AN201710250977518302
110022,易方达消费行业股票型证券投资基金2017年第4季度报告,易方达消费行业股票,2018-01-19,AN201801181079164344
110022,易方达消费行业股票型证券投资基金2017年年度报告摘要,易方达消费行业股票,2018-03-30,AN201803291114449544
110022,易方达消费行业股票型证券投资基金2017年年度报告,易方达消费行业股票,2018-03-30,AN201803301115273860
110022,易方达消费行业股票型证券投资基金2018年第1季度报告,易方达消费行业股票,2018-04-23,AN201804201127389825
110022,易方达消费行业股票型证券投资基金2018年第2季度报告,易方达消费行业股票,2018-07-19,AN201807181167797638
110022,易方达消费行业股票型证券投资基金2018年半年度报告摘要,易方达消费行业股票,2018-08-28,AN201808271183337393
110022,易方达消费行业股票型证券投资基金2018年半年度报告,易方达消费行业股票,2018-08-28,AN201808281183799125
110022,易方达消费行业股票型证券投资基金2018年第3季度报告,易方达消费行业股票,2018-10-24,AN201810231219461620
110022,易方达消费行业股票型证券投资基金2018年第4季度报告,易方达消费行业股票,2019-01-22,AN201901221287494000
110022,易方达消费行业股票型证券投资基金2018年年度报告摘要,易方达消费行业股票,2019-03-28,AN201903281310786334
110022,易方达消费行业股票型证券投资基金2018年年度报告,易方达消费行业股票,2019-03-28,AN201903281310786850
110022,易方达消费行业股票型证券投资基金2019年第1季度报告,易方达消费行业股票,2019-04-18,AN201904171320099579
110022,易方达消费行业股票型证券投资基金2019年第2季度报告,易方达消费行业股票,2019-07-19,AN201907181339590812
110022,易方达消费行业股票型证券投资基金2019年半年度报告摘要,易方达消费行业股票,2019-08-24,AN201908231344981594
110022,易方达消费行业股票型证券投资基金2019年半年度报告,易方达消费行业股票,2019-08-24,AN201908231344984663
110022,易方达消费行业股票型证券投资基金2019年第3季度报告,易方达消费行业股票,2019-10-24,AN201910241369610924
110022,易方达消费行业股票型证券投资基金2019年第4季度报告,易方达消费行业股票,2020-01-18,AN202001181374320735
110022,易方达消费行业股票型证券投资基金2019年年度报告,易方达消费行业股票,2020-03-31,AN202003311377267255
110022,易方达消费行业股票型证券投资基金2019年年度报告摘要,易方达消费行业股票,2020-03-31,AN202003311377267306
110022,易方达消费行业股票型证券投资基金2020年第1季度报告,易方达消费行业股票,2020-04-21,AN202004211378302682
110022,易方达消费行业股票型证券投资基金2020年第2季度报告,易方达消费行业股票,2020-07-21,AN202007211393053642
110022,易方达消费行业股票型证券投资基金2020年中期报告,易方达消费行业股票,2020-08-28,AN202008281402869572
110022,易方达消费行业股票型证券投资基金2020年中期报告摘要,易方达消费行业股票,2020-08-28,AN202008281402888043
110022,易方达消费行业股票型证券投资基金2020年第3季度报告,易方达消费行业股票,2020-10-28,AN202010281424188695
110022,易方达消费行业股票型证券投资基金2020年第4季度报告,易方达消费行业股票,2021-01-21,AN202101211452739151
110022,易方达消费行业股票型证券投资基金2020年年度报告,易方达消费行业股票,2021-03-30,AN202103301478326761
110022,易方达消费行业股票型证券投资基金2020年年度报告摘要,易方达消费行业股票,2021-03-30,AN202103301478330137
110022,易方达消费行业股票型证券投资基金2021年第1季度报告,易方达消费行业股票,2021-04-19,AN202104191486300382
110022,易方达消费行业股票型证券投资基金2021年第2季度报告,易方达消费行业股票,2021-07-20,AN202107201504925805
110022,易方达消费行业股票型证券投资基金2021年中期报告,易方达消费行业股票,2021-08-28,AN202108281512825407
110022,易方达消费行业股票型证券投资基金2021年第三季度报告,易方达消费行业股票,2021-10-27,AN202110271525198760
110022,易方达消费行业股票型证券投资基金2021年第四季度报告,易方达消费行业股票,2022-01-21,AN202201211541603271
110022,易方达消费行业股票型证券投资基金2021年年度报告,易方达消费行业股票,2022-03-30,AN202203301555875476
110022,易方达消费行业股票型证券投资基金2022年第一季度报告,易方达消费行业股票,2022-04-22,AN202204221560738626
110022,易方达消费行业股票型证券投资基金2022年第二季度报告,易方达消费行业股票,2022-07-20,AN202207201576355372
110022,易方达消费行业股票型证券投资基金2022年中期报告,易方达消费行业股票,2022-08-30,AN202208301577811085
110022,易方达消费行业股票型证券投资基金2022年第三季度报告,易方达消费行业股票,2022-10-26,AN202210261579465484
110022,易方达消费行业股票型证券投资基金2022年第四季度报告,易方达消费行业股票,2023-01-20,AN202301201582206624
110022,易方达消费行业股票型证券投资基金2022年年度报告,易方达消费行业股票,2023-03-30,AN202303301584670876
110022,易方达消费行业股票型证券投资基金2023年第1季度报告,易方达消费行业股票,2023-04-21,AN202304211585650528
110022,易方达消费行业股票型证券投资基金2023年第2季度报告,易方达消费行业股票,2023-07-20,AN202307201592450782
110022,易方达消费行业股票型证券投资基金2023年中期报告,易方达消费行业股票,2023-08-30,AN202308301596747544
110022,易方达消费行业股票型证券投资基金2023年第3季度报告,易方达消费行业股票,2023-10-25,AN202310251603091530
110022,易方达消费行业股票型证券投资基金2023年第4季度报告,易方达消费行业股票,2024-01-19,AN202401191617701489
110022,易方达消费行业股票型证券投资基金2023年年度报告,易方达消费行业股票,2024-03-29,AN202403291628617166
110022,易方达消费行业股票型证券投资基金2024年第1季度报告,易方达消费行业股票,2024-04-20,AN202404201630730655
110022,易方达消费行业股票型证券投资基金2024年第2季度报告,易方达消费行业股票,2024-07-18,AN202407181638017119
110022,易方达消费行业股票型证券投资基金2024年中期报告,易方达消费行业股票,2024-08-30,AN202408301639584813
110022,易方达消费行业股票型证券投资基金2024年第3季度报告,易方达消费行业股票,2024-10-25,AN202410251640473577
110022,易方达消费行业股票型证券投资基金2024年第4季度报告,易方达消费行业股票,2025-01-21,AN202501211642378637
110022,易方达消费行业股票型证券投资基金2024年年度报告,易方达消费行业股票,2025-03-31,AN202503311649474646
110022,易方达消费行业股票型证券投资基金2025年第1季度报告,易方达消费行业股票,2025-04-22,AN202504221660345400
110022,易方达消费行业股票型证券投资基金2025年第2季度报告,易方达消费行业股票,2025-07-21,AN202507211712567143
110022,易方达消费行业股票型证券投资基金2025年中期报告,易方达消费行业股票,2025-08-30,AN202508301736617020
110022,易方达消费行业股票型证券投资基金2025年第3季度报告,易方达消费行业股票,2025-10-28,AN202510281770215126
110022,易方达消费行业股票型证券投资基金2025年第4季度报告,易方达消费行业股票,2026-01-22,AN202601221818222353
110022,易方达消费行业股票型证券投资基金2025年年度报告,易方达消费行业股票,2026-03-31,AN202603311820890558
110022,易方达消费行业股票型证券投资基金2026年第1季度报告,易方达消费行业股票,2026-04-22,AN202604221821399571
110022,易方达消费行业股票型证券投资基金2026年第2季度报告,易方达消费行业股票,2026-07-21,AN202607211827164035
