need_id,parent_need_id,need_name,need_level,need_domain,need_nature,population_scope,biological_basis,deprivation_response,cultural_variability,description,event_time,available_time,evidence_kind,source_status,confidence,source,notes
NEED_HUMAN_BIOLOGICAL_CONTINUITY,,人类生物种群持续存在与发展,root,whole_system,biological_population,species_population,"代谢稳态、繁衍、神经调节、群体协作与符号认知共同维持种群。","系统性失衡会降低生存、繁衍、照护或群体协调能力。",high,"需求网络唯一根节点；个体只作为种群需求的承载者和观察单位。",2026-08-18T00:00:00+08:00,2026-08-18T00:00:00+08:00,model_definition,accepted_model_structure,structural_only,project_user_direction,所有生物机制仍需分项文献核验
NEED_MATERIAL_HOMEOSTASIS,NEED_HUMAN_BIOLOGICAL_CONTINUITY,物质代谢与身体稳态,system,material_homeostasis,material,organism_population,"细胞代谢、内环境调节和身体完整性。","短缺通常先表现为生理功能下降和生存风险上升。",low,"维持人类生物体存活、修复和活动所需的直接物质条件。",2026-08-18T00:00:00+08:00,2026-08-18T00:00:00+08:00,model_definition,accepted_model_structure,structural_only,project_user_direction,
NEED_REPRODUCTION_CARE,NEED_HUMAN_BIOLOGICAL_CONTINUITY,繁衍与代际照护,system,reproduction_care,material_social,reproductive_population,"有性繁殖、长幼年期和代际依赖。","不足会降低生育、后代存活和知识延续能力。",high,"覆盖繁殖、妊娠出生、抚育与代际传递，不限定家庭制度形式。",2026-08-18T00:00:00+08:00,2026-08-18T00:00:00+08:00,model_definition,accepted_model_structure,structural_only,project_user_direction,
NEED_NEURAL_REGULATION,NEED_HUMAN_BIOLOGICAL_CONTINUITY,神经与心理调节,system,neural_regulation,psychological,organism_population,"神经系统需要调节唤醒、情绪、预测误差、学习和行动。","长期失衡可能降低判断、适应、探索和自我调节能力。",medium,"把心理需求视为神经系统的调节功能，而不是脱离身体的独立实体。",2026-08-18T00:00:00+08:00,2026-08-18T00:00:00+08:00,model_definition,accepted_model_structure,structural_only,project_user_direction,
NEED_SOCIAL_COORDINATION,NEED_HUMAN_BIOLOGICAL_CONTINUITY,依恋与群体协作,system,social_coordination,social_psychological,social_group_population,"人类依赖长期依恋、合作分工、社会学习和规范协调。","缺失会增加孤立、冲突、信任成本和协作失败。",high,"人类作为群居生物形成的关系与秩序需求。",2026-08-18T00:00:00+08:00,2026-08-18T00:00:00+08:00,model_definition,accepted_model_structure,structural_only,project_user_direction,
NEED_SYMBOLIC_SPIRITUAL,NEED_HUMAN_BIOLOGICAL_CONTINUITY,符号与精神调节,system,symbolic_spiritual,spiritual_emergent,intergenerational_population,"语言、长期记忆、自我模型、死亡意识和群体符号形成高级调节需求。","缺失可能造成意义断裂、身份失序、希望下降或群体叙事瓦解。",very_high,"精神需求按生物—认知—社会涌现解释；不预设超自然实体。",2026-08-18T00:00:00+08:00,2026-08-18T00:00:00+08:00,model_definition,accepted_model_structure,structural_only,project_user_direction,宗教与哲学是可能满足方式而非需求本体
NEED_RESPIRATION,NEED_MATERIAL_HOMEOSTASIS,呼吸与气体交换,leaf,material_homeostasis,material,organism_population,"有氧代谢依赖持续气体交换。","急性不足会迅速损害意识和生命维持。",low,"获得适宜空气和维持呼吸功能。",2026-08-18T00:00:00+08:00,2026-08-18T00:00:00+08:00,model_definition,accepted_model_structure,structural_only,project_user_direction,
NEED_WATER_ELECTROLYTE,NEED_MATERIAL_HOMEOSTASIS,水与电解质稳态,leaf,material_homeostasis,material,organism_population,"体液平衡、渗透压和代谢运输依赖水与电解质。","不足会损害循环、体温和细胞功能。",low,"获得安全水和维持体液平衡。",2026-08-18T00:00:00+08:00,2026-08-18T00:00:00+08:00,model_definition,accepted_model_structure,structural_only,project_user_direction,
NEED_ENERGY_NUTRITION,NEED_MATERIAL_HOMEOSTASIS,能量与营养稳态,subsystem,material_homeostasis,material,organism_population,"代谢、组织修复和活动依赖能量及营养素。","不足或失衡会影响生长、免疫、认知和活动。",medium,"总能量、宏量与微量营养素的综合需求。",2026-08-18T00:00:00+08:00,2026-08-18T00:00:00+08:00,model_definition,accepted_model_structure,structural_only,project_user_direction,
NEED_BASIC_NUTRITION,NEED_ENERGY_NUTRITION,基本营养需求,leaf,material_homeostasis,material,organism_population,"能量、蛋白质、必需脂肪酸、维生素和矿物质参与生命过程。","不足或不均衡会降低身体和神经系统功能。",high,"当前生猪资源试点连接的需求节点；不等同于某种食品销量。",2026-08-18T00:00:00+08:00,2026-08-18T00:00:00+08:00,model_definition,accepted_model_structure,structural_only,project_user_direction,具体营养基准需按年龄性别活动水平和健康状态观察
NEED_THERMOREGULATION,NEED_MATERIAL_HOMEOSTASIS,体温与环境热稳态,leaf,material_homeostasis,material,organism_population,"酶和器官功能需要相对稳定的体温范围。","热或冷暴露会增加代谢负担并损害身体功能。",medium,"通过环境、衣物、住所和生理调节维持适宜热状态。",2026-08-18T00:00:00+08:00,2026-08-18T00:00:00+08:00,model_definition,accepted_model_structure,structural_only,project_user_direction,
NEED_SLEEP_RECOVERY,NEED_MATERIAL_HOMEOSTASIS,睡眠与恢复,leaf,material_homeostasis,material_psychological,organism_population,"昼夜节律、神经恢复和代谢调节需要周期性休息。","持续不足会损害注意、情绪、代谢和免疫功能。",medium,"获得足够睡眠、休息和身体恢复。",2026-08-18T00:00:00+08:00,2026-08-18T00:00:00+08:00,model_definition,accepted_model_structure,structural_only,project_user_direction,
NEED_EXCRETION,NEED_MATERIAL_HOMEOSTASIS,排泄与代谢废物清除,leaf,material_homeostasis,material,organism_population,"代谢产生的废物需要通过器官系统排出。","受阻会破坏内环境稳态。",low,"维持排泄功能和卫生处理条件。",2026-08-18T00:00:00+08:00,2026-08-18T00:00:00+08:00,model_definition,accepted_model_structure,structural_only,project_user_direction,
NEED_MOVEMENT_PHYSICAL_LOAD,NEED_MATERIAL_HOMEOSTASIS,活动与适度身体负荷,leaf,material_homeostasis,material_psychological,organism_population,"肌肉骨骼、循环和神经系统在活动中维持功能。","长期不足或过载都会降低身体适应能力。",medium,"获得移动、锻炼、姿势变化和身体使用机会。",2026-08-18T00:00:00+08:00,2026-08-18T00:00:00+08:00,model_definition,accepted_model_structure,structural_only,project_user_direction,
NEED_BODY_INTEGRITY,NEED_MATERIAL_HOMEOSTASIS,身体完整性与健康防护,subsystem,material_homeostasis,material,organism_population,"组织屏障、免疫、防御和修复机制维持身体完整性。","损伤、感染或毒性暴露会降低生存与活动能力。",medium,"避免伤害并获得防护、卫生、治疗和恢复条件。",2026-08-18T00:00:00+08:00,2026-08-18T00:00:00+08:00,model_definition,accepted_model_structure,structural_only,project_user_direction,
NEED_SHELTER_PROTECTION,NEED_BODY_INTEGRITY,住所与环境防护,leaf,material_homeostasis,material,social_group_population,"身体需要隔离极端天气、危险生物和部分物理风险。","缺失会增加暴露、伤害和疾病风险。",high,"获得安全栖居空间和基本环境屏障。",2026-08-18T00:00:00+08:00,2026-08-18T00:00:00+08:00,model_definition,accepted_model_structure,structural_only,project_user_direction,住所形式高度受地理与制度影响
NEED_HYGIENE_DISEASE_DEFENSE,NEED_BODY_INTEGRITY,卫生与疾病防御,leaf,material_homeostasis,material_social,social_group_population,"病原体控制、免疫与公共卫生共同影响群体健康。","不足可能增加感染传播和照护负担。",high,"清洁、卫生、预防、诊断与治疗的功能需求。",2026-08-18T00:00:00+08:00,2026-08-18T00:00:00+08:00,model_definition,accepted_model_structure,structural_only,project_user_direction,
NEED_PAIN_RELIEF_REPAIR,NEED_BODY_INTEGRITY,疼痛缓解与组织修复,leaf,material_homeostasis,material_psychological,organism_population,"疼痛提示损伤并驱动保护行为，修复恢复功能。","持续疼痛或修复不足会限制活动和社会参与。",medium,"获得急救、康复、疼痛管理和恢复时间。",2026-08-18T00:00:00+08:00,2026-08-18T00:00:00+08:00,model_definition,accepted_model_structure,structural_only,project_user_direction,
NEED_SEXUAL_REPRODUCTIVE,NEED_REPRODUCTION_CARE,性与生殖功能,leaf,reproduction_care,material_psychological,reproductive_population,"性行为、配偶选择和生殖生理参与种群繁衍。","受阻会影响生殖机会和部分关系调节。",very_high,"覆盖性健康和生殖机会，不把任何单一家庭形式设为生物必需。",2026-08-18T00:00:00+08:00,2026-08-18T00:00:00+08:00,model_definition,accepted_model_structure,structural_only,project_user_direction,
NEED_GESTATION_BIRTH,NEED_REPRODUCTION_CARE,妊娠出生与母婴保护,leaf,reproduction_care,material_social,reproductive_population,"人类妊娠、分娩和新生儿阶段具有高生理依赖。","保护不足会增加母婴健康与存活风险。",medium,"为妊娠、出生和早期生命提供营养、医疗与安全环境。",2026-08-18T00:00:00+08:00,2026-08-18T00:00:00+08:00,model_definition,accepted_model_structure,structural_only,project_user_direction,
NEED_DEPENDENT_CARE,NEED_REPRODUCTION_CARE,幼体与依赖者照护,leaf,reproduction_care,material_social,intergenerational_population,"人类幼年期长，生存与学习依赖持续照护。","不足会影响存活、发育、依恋和能力形成。",high,"包括儿童、病弱者和其他依赖成员的照护功能。",2026-08-18T00:00:00+08:00,2026-08-18T00:00:00+08:00,model_definition,accepted_model_structure,structural_only,project_user_direction,
NEED_INTERGENERATIONAL_TRANSMISSION,NEED_REPRODUCTION_CARE,代际知识与能力传递,leaf,reproduction_care,social_spiritual,intergenerational_population,"人类适应高度依赖社会学习、语言和累积文化。","中断会损害技能、规范、记忆和群体适应。",very_high,"把生存知识、技能和文化记忆传给下一代。",2026-08-18T00:00:00+08:00,2026-08-18T00:00:00+08:00,model_definition,accepted_model_structure,structural_only,project_user_direction,
NEED_AFFECT_REGULATION,NEED_NEURAL_REGULATION,情绪与唤醒调节,leaf,neural_regulation,psychological,organism_population,"情绪和唤醒调节注意、行动准备与社会信号。","长期失调可能增加冲动、回避或功能耗竭。",high,"在安全与刺激之间维持可调节的心理状态。",2026-08-18T00:00:00+08:00,2026-08-18T00:00:00+08:00,model_definition,accepted_model_structure,structural_only,project_user_direction,
NEED_PREDICTABILITY_CONTROL,NEED_NEURAL_REGULATION,可预测性与可控制感,leaf,neural_regulation,psychological,organism_population,"大脑通过预测与行动降低不确定性并组织行为。","长期不可控会增加应激并削弱行动规划。",high,"获得稳定反馈、因果可理解性和一定的环境控制能力。",2026-08-18T00:00:00+08:00,2026-08-18T00:00:00+08:00,model_definition,accepted_model_structure,structural_only,project_user_direction,
NEED_SENSORY_STIMULATION,NEED_NEURAL_REGULATION,感官刺激与信息输入,leaf,neural_regulation,psychological,organism_population,"感觉系统需要适量变化来维持警觉、定向和学习。","长期剥夺或过载都会损害调节与认知。",medium,"获得适量且可处理的视觉、听觉、触觉和环境信息。",2026-08-18T00:00:00+08:00,2026-08-18T00:00:00+08:00,model_definition,accepted_model_structure,structural_only,project_user_direction,
NEED_CURIOSITY_LEARNING,NEED_NEURAL_REGULATION,好奇与学习,leaf,neural_regulation,psychological_social,intergenerational_population,"探索与强化学习支持环境模型更新和适应。","受限会降低技能获取和环境适应。",very_high,"探索未知、获取知识并修正内部世界模型。",2026-08-18T00:00:00+08:00,2026-08-18T00:00:00+08:00,model_definition,accepted_model_structure,structural_only,project_user_direction,
NEED_PLAY_CREATIVITY,NEED_NEURAL_REGULATION,游戏与创造,leaf,neural_regulation,psychological_social,organism_population,"游戏模拟风险、训练技能并促进组合式学习。","长期缺失可能降低灵活性、创新和社会学习。",very_high,"在低风险环境中试验、想象、创作和重组经验。",2026-08-18T00:00:00+08:00,2026-08-18T00:00:00+08:00,model_definition,accepted_model_structure,structural_only,project_user_direction,
NEED_AUTONOMY_AGENCY,NEED_NEURAL_REGULATION,自主与行动主体感,leaf,neural_regulation,psychological_social,organism_population,"行动选择和结果反馈形成主体感与目标控制。","长期被剥夺会降低主动性、责任感和适应性。",very_high,"在群体约束中仍保有选择、表达和行动空间。",2026-08-18T00:00:00+08:00,2026-08-18T00:00:00+08:00,model_definition,accepted_model_structure,structural_only,project_user_direction,
NEED_COMPETENCE_MASTERY,NEED_NEURAL_REGULATION,能力与掌握感,leaf,neural_regulation,psychological_social,organism_population,"技能学习和成功反馈强化有效行动模式。","持续失败或无反馈会削弱动机和任务参与。",high,"通过练习、反馈和挑战形成对环境的有效能力。",2026-08-18T00:00:00+08:00,2026-08-18T00:00:00+08:00,model_definition,accepted_model_structure,structural_only,project_user_direction,
NEED_ATTACHMENT_INTIMACY,NEED_SOCIAL_COORDINATION,依恋与亲密连接,leaf,social_coordination,social_psychological,social_group_population,"依恋系统支持幼体照护、情绪共同调节和长期合作。","断裂会增加孤立与应激并减少支持网络。",very_high,"形成稳定、可信赖且互相回应的亲密关系。",2026-08-18T00:00:00+08:00,2026-08-18T00:00:00+08:00,model_definition,accepted_model_structure,structural_only,project_user_direction,
NEED_BELONGING_COOPERATION,NEED_SOCIAL_COORDINATION,归属与合作,leaf,social_coordination,social_psychological,social_group_population,"群居和分工提高资源获取、防御与学习效率。","排斥和孤立会降低支持与协同行动能力。",very_high,"成为群体成员并参与互助、分工与共同活动。",2026-08-18T00:00:00+08:00,2026-08-18T00:00:00+08:00,model_definition,accepted_model_structure,structural_only,project_user_direction,
NEED_TRUST_SECURITY,NEED_SOCIAL_COORDINATION,信任与关系安全,leaf,social_coordination,social_psychological,social_group_population,"重复互动需要对他人行为形成可用预期。","低信任提高监控、防御与交易成本。",very_high,"获得可依赖关系、承诺和冲突修复机制。",2026-08-18T00:00:00+08:00,2026-08-18T00:00:00+08:00,model_definition,accepted_model_structure,structural_only,project_user_direction,
NEED_RECOGNITION_STATUS,NEED_SOCIAL_COORDINATION,承认、尊严与社会位置,leaf,social_coordination,social_psychological,social_group_population,"群体中的声誉与位置影响资源、配偶、合作和表达机会。","羞辱或长期失位可能引发退缩、冲突或补偿行为。",very_high,"获得基本尊严、贡献承认和相对稳定的社会角色。",2026-08-18T00:00:00+08:00,2026-08-18T00:00:00+08:00,model_definition,accepted_model_structure,structural_only,project_user_direction,地位竞争形式高度文化化
NEED_FAIRNESS_RECIPROCITY,NEED_SOCIAL_COORDINATION,公平与互惠,leaf,social_coordination,social_spiritual,social_group_population,"互惠和对欺骗的识别支持重复合作。","持续不公平会降低合作意愿并增加冲突。",very_high,"形成可接受的付出—回报、机会和责任分配。",2026-08-18T00:00:00+08:00,2026-08-18T00:00:00+08:00,model_definition,accepted_model_structure,structural_only,project_user_direction,公平标准需按制度和文化观察
NEED_NORM_ORDER,NEED_SOCIAL_COORDINATION,规则、边界与公共秩序,leaf,social_coordination,social_spiritual,social_group_population,"共享规则降低行为不确定性并协调大群体。","规则崩溃或过度压制都可能损害协作。",very_high,"获得可理解、可预期且可修正的共同规则。",2026-08-18T00:00:00+08:00,2026-08-18T00:00:00+08:00,model_definition,accepted_model_structure,structural_only,project_user_direction,
NEED_CONTRIBUTION_CARE,NEED_SOCIAL_COORDINATION,贡献、照护与被需要,leaf,social_coordination,social_spiritual,intergenerational_population,"互惠照护和有用角色增强群体韧性与代际连续。","长期无角色或无法贡献可能削弱归属和意义。",very_high,"能够照护他者、参与共同目标并确认自身作用。",2026-08-18T00:00:00+08:00,2026-08-18T00:00:00+08:00,model_definition,accepted_model_structure,structural_only,project_user_direction,
NEED_MEANING_COHERENCE,NEED_SYMBOLIC_SPIRITUAL,意义与世界一致性,leaf,symbolic_spiritual,spiritual_emergent,intergenerational_population,"符号认知把经历、因果、价值和目标组织成可行动叙事。","意义断裂会削弱长期目标和痛苦整合能力。",very_high,"形成能够解释经历并指导行动的世界模型与价值结构。",2026-08-18T00:00:00+08:00,2026-08-18T00:00:00+08:00,model_definition,accepted_model_structure,structural_only,project_user_direction,科学哲学宗教与叙事均可能参与满足
NEED_IDENTITY_CONTINUITY,NEED_SYMBOLIC_SPIRITUAL,身份与时间连续性,leaf,symbolic_spiritual,spiritual_emergent,intergenerational_population,"记忆、自我模型和社会角色连接过去、现在与未来。","身份断裂会降低决策一致性和关系稳定。",very_high,"维持个人—群体—代际之间可理解的连续关系。",2026-08-18T00:00:00+08:00,2026-08-18T00:00:00+08:00,model_definition,accepted_model_structure,structural_only,project_user_direction,个体身份只是群体与生命历程网络中的一层
NEED_AESTHETIC_EXPERIENCE,NEED_SYMBOLIC_SPIRITUAL,审美、形式与和谐体验,leaf,symbolic_spiritual,spiritual_emergent,social_group_population,"感知系统对模式、节律、对称、复杂度和新奇性产生评价。","长期贫乏可能减少情绪调节、交流和创造刺激。",very_high,"通过自然、身体、声音、图像和结构体验形式价值。",2026-08-18T00:00:00+08:00,2026-08-18T00:00:00+08:00,model_definition,accepted_model_structure,structural_only,project_user_direction,
NEED_RITUAL_TRANSCENDENCE,NEED_SYMBOLIC_SPIRITUAL,仪式、超越与共同神圣,leaf,symbolic_spiritual,spiritual_emergent,social_group_population,"同步行为、象征和高峰体验可强化群体联结并超越短期自我。","缺失不必然致病，但可能减少共同承诺和情绪整合通道。",very_high,"体验超越短期个体利益的共同体、自然、价值或神圣秩序。",2026-08-18T00:00:00+08:00,2026-08-18T00:00:00+08:00,model_definition,accepted_model_structure,structural_only,project_user_direction,不判断超自然命题真伪
NEED_MORTALITY_GRIEF,NEED_SYMBOLIC_SPIRITUAL,死亡意识与哀伤整合,leaf,symbolic_spiritual,spiritual_emergent,intergenerational_population,"长期记忆、依恋和死亡预期使丧失需要社会与符号加工。","无法整合可能长期占用情绪和社会调节资源。",very_high,"处理死亡、失去、告别、纪念和生命有限性。",2026-08-18T00:00:00+08:00,2026-08-18T00:00:00+08:00,model_definition,accepted_model_structure,structural_only,project_user_direction,
NEED_HOPE_FUTURE,NEED_SYMBOLIC_SPIRITUAL,希望与未来投射,leaf,symbolic_spiritual,spiritual_emergent,intergenerational_population,"大脑进行延迟满足、情景模拟和跨代计划。","未来感崩塌会降低投资、合作与持续行动。",very_high,"相信行动仍能影响未来，并能为后代和长期目标组织资源。",2026-08-18T00:00:00+08:00,2026-08-18T00:00:00+08:00,model_definition,accepted_model_structure,structural_only,project_user_direction,
