position_id,capital_pool_id,instrument_id,report_period_end,position_amount,amount_unit,position_scope,portfolio_weight,available_time,availability_policy,source,source_record_id,evidence_kind,quality_status
FUND_HOLDING_d23fef3c8d9ee3d4aaae,PUBLIC_FUND_000001,300308.SZ,2026-03-31,113882000.0,CNY,source_fund_portfolio_scope_unknown,0.0431,2026-04-22T23:59:59+08:00,available_after_announcement_date_end,Eastmoney fund holdings via AkShare fund_portfolio_hold_em,ccmx_000001|2026年1季度股票投资明细|300308.SZ,aggregated_observation,third_party_aggregator_unverified
FUND_HOLDING_eb7c4ae2b8d46178201f,PUBLIC_FUND_000001,688012.SH,2026-03-31,81308000.0,CNY,source_fund_portfolio_scope_unknown,0.0307,2026-04-22T23:59:59+08:00,available_after_announcement_date_end,Eastmoney fund holdings via AkShare fund_portfolio_hold_em,ccmx_000001|2026年1季度股票投资明细|688012.SH,aggregated_observation,third_party_aggregator_unverified
FUND_HOLDING_e54fd6d6757a5d089f25,PUBLIC_FUND_000001,688347.SH,2026-03-31,74136800.0,CNY,source_fund_portfolio_scope_unknown,0.028,2026-04-22T23:59:59+08:00,available_after_announcement_date_end,Eastmoney fund holdings via AkShare fund_portfolio_hold_em,ccmx_000001|2026年1季度股票投资明细|688347.SH,aggregated_observation,third_party_aggregator_unverified
FUND_HOLDING_37383a00a41d0cb659d3,PUBLIC_FUND_000001,002371.SZ,2026-03-31,73409900.0,CNY,source_fund_portfolio_scope_unknown,0.0278,2026-04-22T23:59:59+08:00,available_after_announcement_date_end,Eastmoney fund holdings via AkShare fund_portfolio_hold_em,ccmx_000001|2026年1季度股票投资明细|002371.SZ,aggregated_observation,third_party_aggregator_unverified
FUND_HOLDING_d4c3c942b7fa9ea4c2b4,PUBLIC_FUND_000001,688019.SH,2026-03-31,70680200.0,CNY,source_fund_portfolio_scope_unknown,0.0267,2026-04-22T23:59:59+08:00,available_after_announcement_date_end,Eastmoney fund holdings via AkShare fund_portfolio_hold_em,ccmx_000001|2026年1季度股票投资明细|688019.SH,aggregated_observation,third_party_aggregator_unverified
FUND_HOLDING_a8020312fca6c91a397d,PUBLIC_FUND_000001,688041.SH,2026-03-31,65687300.0,CNY,source_fund_portfolio_scope_unknown,0.0248,2026-04-22T23:59:59+08:00,available_after_announcement_date_end,Eastmoney fund holdings via AkShare fund_portfolio_hold_em,ccmx_000001|2026年1季度股票投资明细|688041.SH,aggregated_observation,third_party_aggregator_unverified
FUND_HOLDING_5a1db250b638ceaf3372,PUBLIC_FUND_000001,688120.SH,2026-03-31,62988000.0,CNY,source_fund_portfolio_scope_unknown,0.0238,2026-04-22T23:59:59+08:00,available_after_announcement_date_end,Eastmoney fund holdings via AkShare fund_portfolio_hold_em,ccmx_000001|2026年1季度股票投资明细|688120.SH,aggregated_observation,third_party_aggregator_unverified
FUND_HOLDING_b717e5d52407e38778de,PUBLIC_FUND_000001,688256.SH,2026-03-31,61978200.0,CNY,source_fund_portfolio_scope_unknown,0.0234,2026-04-22T23:59:59+08:00,available_after_announcement_date_end,Eastmoney fund holdings via AkShare fund_portfolio_hold_em,ccmx_000001|2026年1季度股票投资明细|688256.SH,aggregated_observation,third_party_aggregator_unverified
FUND_HOLDING_e2006eee1004fbb87bfe,PUBLIC_FUND_000001,688072.SH,2026-03-31,58520700.0,CNY,source_fund_portfolio_scope_unknown,0.0221,2026-04-22T23:59:59+08:00,available_after_announcement_date_end,Eastmoney fund holdings via AkShare fund_portfolio_hold_em,ccmx_000001|2026年1季度股票投资明细|688072.SH,aggregated_observation,third_party_aggregator_unverified
FUND_HOLDING_a2217a45de0d561948aa,PUBLIC_FUND_000001,688361.SH,2026-03-31,55785600.0,CNY,source_fund_portfolio_scope_unknown,0.0211,2026-04-22T23:59:59+08:00,available_after_announcement_date_end,Eastmoney fund holdings via AkShare fund_portfolio_hold_em,ccmx_000001|2026年1季度股票投资明细|688361.SH,aggregated_observation,third_party_aggregator_unverified
FUND_HOLDING_1962d8528b523a3b5186,PUBLIC_FUND_000001,300308.SZ,2026-06-30,254000000.0,CNY,source_fund_portfolio_scope_unknown,0.0645,2026-07-21T23:59:59+08:00,available_after_announcement_date_end,Eastmoney fund holdings via AkShare fund_portfolio_hold_em,ccmx_000001|2026年2季度股票投资明细|300308.SZ,aggregated_observation,third_party_aggregator_unverified
FUND_HOLDING_748dc9f60cbfb9764f4b,PUBLIC_FUND_000001,688347.SH,2026-06-30,219272000.0,CNY,source_fund_portfolio_scope_unknown,0.0557,2026-07-21T23:59:59+08:00,available_after_announcement_date_end,Eastmoney fund holdings via AkShare fund_portfolio_hold_em,ccmx_000001|2026年2季度股票投资明细|688347.SH,aggregated_observation,third_party_aggregator_unverified
FUND_HOLDING_f632d129b0f464de2268,PUBLIC_FUND_000001,688361.SH,2026-06-30,200583400.0,CNY,source_fund_portfolio_scope_unknown,0.0509,2026-07-21T23:59:59+08:00,available_after_announcement_date_end,Eastmoney fund holdings via AkShare fund_portfolio_hold_em,ccmx_000001|2026年2季度股票投资明细|688361.SH,aggregated_observation,third_party_aggregator_unverified
FUND_HOLDING_3bdda41641d51cc16264,PUBLIC_FUND_000001,688012.SH,2026-06-30,185254700.0,CNY,source_fund_portfolio_scope_unknown,0.047,2026-07-21T23:59:59+08:00,available_after_announcement_date_end,Eastmoney fund holdings via AkShare fund_portfolio_hold_em,ccmx_000001|2026年2季度股票投资明细|688012.SH,aggregated_observation,third_party_aggregator_unverified
FUND_HOLDING_0ac97a8e5f6e1633335c,PUBLIC_FUND_000001,688120.SH,2026-06-30,169109400.0,CNY,source_fund_portfolio_scope_unknown,0.0429,2026-07-21T23:59:59+08:00,available_after_announcement_date_end,Eastmoney fund holdings via AkShare fund_portfolio_hold_em,ccmx_000001|2026年2季度股票投资明细|688120.SH,aggregated_observation,third_party_aggregator_unverified
FUND_HOLDING_cae225ecd64b14c4ee8f,PUBLIC_FUND_000001,688072.SH,2026-06-30,151036400.0,CNY,source_fund_portfolio_scope_unknown,0.0384,2026-07-21T23:59:59+08:00,available_after_announcement_date_end,Eastmoney fund holdings via AkShare fund_portfolio_hold_em,ccmx_000001|2026年2季度股票投资明细|688072.SH,aggregated_observation,third_party_aggregator_unverified
FUND_HOLDING_22e94d7c5c8b6f2335fe,PUBLIC_FUND_000001,688256.SH,2026-06-30,149893900.0,CNY,source_fund_portfolio_scope_unknown,0.0381,2026-07-21T23:59:59+08:00,available_after_announcement_date_end,Eastmoney fund holdings via AkShare fund_portfolio_hold_em,ccmx_000001|2026年2季度股票投资明细|688256.SH,aggregated_observation,third_party_aggregator_unverified
FUND_HOLDING_0cb61792e37c0a33a612,PUBLIC_FUND_000001,002371.SZ,2026-06-30,145269500.0,CNY,source_fund_portfolio_scope_unknown,0.0369,2026-07-21T23:59:59+08:00,available_after_announcement_date_end,Eastmoney fund holdings via AkShare fund_portfolio_hold_em,ccmx_000001|2026年2季度股票投资明细|002371.SZ,aggregated_observation,third_party_aggregator_unverified
FUND_HOLDING_889dbf9d136aded0ebb1,PUBLIC_FUND_000001,688041.SH,2026-06-30,124607100.0,CNY,source_fund_portfolio_scope_unknown,0.0316,2026-07-21T23:59:59+08:00,available_after_announcement_date_end,Eastmoney fund holdings via AkShare fund_portfolio_hold_em,ccmx_000001|2026年2季度股票投资明细|688041.SH,aggregated_observation,third_party_aggregator_unverified
FUND_HOLDING_f53c7d59f3fedecd1b7e,PUBLIC_FUND_000001,688037.SH,2026-06-30,122954600.0,CNY,source_fund_portfolio_scope_unknown,0.0312,2026-07-21T23:59:59+08:00,available_after_announcement_date_end,Eastmoney fund holdings via AkShare fund_portfolio_hold_em,ccmx_000001|2026年2季度股票投资明细|688037.SH,aggregated_observation,third_party_aggregator_unverified
FUND_HOLDING_dac761fc9dbcccd20480,PUBLIC_FUND_110022,600519.SH,2026-03-31,1256567100.0,CNY,source_fund_portfolio_scope_unknown,0.099,2026-04-22T23:59:59+08:00,available_after_announcement_date_end,Eastmoney fund holdings via AkShare fund_portfolio_hold_em,ccmx_110022|2026年1季度股票投资明细|600519.SH,aggregated_observation,third_party_aggregator_unverified
FUND_HOLDING_8b77c38a7d6ddf1ae7f7,PUBLIC_FUND_110022,000333.SZ,2026-03-31,1222759000.0,CNY,source_fund_portfolio_scope_unknown,0.0964,2026-04-22T23:59:59+08:00,available_after_announcement_date_end,Eastmoney fund holdings via AkShare fund_portfolio_hold_em,ccmx_110022|2026年1季度股票投资明细|000333.SZ,aggregated_observation,third_party_aggregator_unverified
FUND_HOLDING_60a4f49abfb2cd192af9,PUBLIC_FUND_110022,000858.SZ,2026-03-31,1108902600.0,CNY,source_fund_portfolio_scope_unknown,0.0874,2026-04-22T23:59:59+08:00,available_after_announcement_date_end,Eastmoney fund holdings via AkShare fund_portfolio_hold_em,ccmx_110022|2026年1季度股票投资明细|000858.SZ,aggregated_observation,third_party_aggregator_unverified
FUND_HOLDING_27c2ab4587eeca5e774f,PUBLIC_FUND_110022,600809.SH,2026-03-31,1078542200.0,CNY,source_fund_portfolio_scope_unknown,0.085,2026-04-22T23:59:59+08:00,available_after_announcement_date_end,Eastmoney fund holdings via AkShare fund_portfolio_hold_em,ccmx_110022|2026年1季度股票投资明细|600809.SH,aggregated_observation,third_party_aggregator_unverified
FUND_HOLDING_2c1881f67e0237ae61ba,PUBLIC_FUND_110022,002594.SZ,2026-03-31,826372700.0,CNY,source_fund_portfolio_scope_unknown,0.0651,2026-04-22T23:59:59+08:00,available_after_announcement_date_end,Eastmoney fund holdings via AkShare fund_portfolio_hold_em,ccmx_110022|2026年1季度股票投资明细|002594.SZ,aggregated_observation,third_party_aggregator_unverified
FUND_HOLDING_a1cae8cd128863f0e789,PUBLIC_FUND_110022,600660.SH,2026-03-31,802588900.0,CNY,source_fund_portfolio_scope_unknown,0.0633,2026-04-22T23:59:59+08:00,available_after_announcement_date_end,Eastmoney fund holdings via AkShare fund_portfolio_hold_em,ccmx_110022|2026年1季度股票投资明细|600660.SH,aggregated_observation,third_party_aggregator_unverified
FUND_HOLDING_404297e93d96243b745f,PUBLIC_FUND_110022,000568.SZ,2026-03-31,633874900.0,CNY,source_fund_portfolio_scope_unknown,0.05,2026-04-22T23:59:59+08:00,available_after_announcement_date_end,Eastmoney fund holdings via AkShare fund_portfolio_hold_em,ccmx_110022|2026年1季度股票投资明细|000568.SZ,aggregated_observation,third_party_aggregator_unverified
FUND_HOLDING_457271b67bc2fd7d0495,PUBLIC_FUND_110022,000596.SZ,2026-03-31,556526100.0,CNY,source_fund_portfolio_scope_unknown,0.0439,2026-04-22T23:59:59+08:00,available_after_announcement_date_end,Eastmoney fund holdings via AkShare fund_portfolio_hold_em,ccmx_110022|2026年1季度股票投资明细|000596.SZ,aggregated_observation,third_party_aggregator_unverified
FUND_HOLDING_669a65aa0e606da6ec8b,PUBLIC_FUND_110022,601633.SH,2026-03-31,537464000.0,CNY,source_fund_portfolio_scope_unknown,0.0424,2026-04-22T23:59:59+08:00,available_after_announcement_date_end,Eastmoney fund holdings via AkShare fund_portfolio_hold_em,ccmx_110022|2026年1季度股票投资明细|601633.SH,aggregated_observation,third_party_aggregator_unverified
FUND_HOLDING_f3272fb0f3ea69dc8867,PUBLIC_FUND_110022,603129.SH,2026-03-31,505712800.0,CNY,source_fund_portfolio_scope_unknown,0.0399,2026-04-22T23:59:59+08:00,available_after_announcement_date_end,Eastmoney fund holdings via AkShare fund_portfolio_hold_em,ccmx_110022|2026年1季度股票投资明细|603129.SH,aggregated_observation,third_party_aggregator_unverified
FUND_HOLDING_2040f561e172722a3db6,PUBLIC_FUND_110022,600519.SH,2026-06-30,948389600.0,CNY,source_fund_portfolio_scope_unknown,0.0977,2026-07-21T23:59:59+08:00,available_after_announcement_date_end,Eastmoney fund holdings via AkShare fund_portfolio_hold_em,ccmx_110022|2026年2季度股票投资明细|600519.SH,aggregated_observation,third_party_aggregator_unverified
FUND_HOLDING_fe3c0eef773c2ee7137b,PUBLIC_FUND_110022,000333.SZ,2026-06-30,903728700.0,CNY,source_fund_portfolio_scope_unknown,0.0931,2026-07-21T23:59:59+08:00,available_after_announcement_date_end,Eastmoney fund holdings via AkShare fund_portfolio_hold_em,ccmx_110022|2026年2季度股票投资明细|000333.SZ,aggregated_observation,third_party_aggregator_unverified
FUND_HOLDING_a059298f2c2941f776bc,PUBLIC_FUND_110022,600809.SH,2026-06-30,824550300.0,CNY,source_fund_portfolio_scope_unknown,0.085,2026-07-21T23:59:59+08:00,available_after_announcement_date_end,Eastmoney fund holdings via AkShare fund_portfolio_hold_em,ccmx_110022|2026年2季度股票投资明细|600809.SH,aggregated_observation,third_party_aggregator_unverified
FUND_HOLDING_621eb4749e7c6872d07a,PUBLIC_FUND_110022,002594.SZ,2026-06-30,772694400.0,CNY,source_fund_portfolio_scope_unknown,0.0796,2026-07-21T23:59:59+08:00,available_after_announcement_date_end,Eastmoney fund holdings via AkShare fund_portfolio_hold_em,ccmx_110022|2026年2季度股票投资明细|002594.SZ,aggregated_observation,third_party_aggregator_unverified
FUND_HOLDING_1e5772fbee8dc0f13481,PUBLIC_FUND_110022,600660.SH,2026-06-30,763215600.0,CNY,source_fund_portfolio_scope_unknown,0.0786,2026-07-21T23:59:59+08:00,available_after_announcement_date_end,Eastmoney fund holdings via AkShare fund_portfolio_hold_em,ccmx_110022|2026年2季度股票投资明细|600660.SH,aggregated_observation,third_party_aggregator_unverified
FUND_HOLDING_332a4fb5e87b76a1bbf7,PUBLIC_FUND_110022,603129.SH,2026-06-30,548905100.0,CNY,source_fund_portfolio_scope_unknown,0.0566,2026-07-21T23:59:59+08:00,available_after_announcement_date_end,Eastmoney fund holdings via AkShare fund_portfolio_hold_em,ccmx_110022|2026年2季度股票投资明细|603129.SH,aggregated_observation,third_party_aggregator_unverified
FUND_HOLDING_21432364767612c51f79,PUBLIC_FUND_110022,601058.SH,2026-06-30,493627800.0,CNY,source_fund_portfolio_scope_unknown,0.0509,2026-07-21T23:59:59+08:00,available_after_announcement_date_end,Eastmoney fund holdings via AkShare fund_portfolio_hold_em,ccmx_110022|2026年2季度股票投资明细|601058.SH,aggregated_observation,third_party_aggregator_unverified
FUND_HOLDING_ef17bb41d74e46ca08fe,PUBLIC_FUND_110022,000568.SZ,2026-06-30,485622100.0,CNY,source_fund_portfolio_scope_unknown,0.05,2026-07-21T23:59:59+08:00,available_after_announcement_date_end,Eastmoney fund holdings via AkShare fund_portfolio_hold_em,ccmx_110022|2026年2季度股票投资明细|000568.SZ,aggregated_observation,third_party_aggregator_unverified
FUND_HOLDING_cd5162016eb7906de933,PUBLIC_FUND_110022,000596.SZ,2026-06-30,431801500.0,CNY,source_fund_portfolio_scope_unknown,0.0445,2026-07-21T23:59:59+08:00,available_after_announcement_date_end,Eastmoney fund holdings via AkShare fund_portfolio_hold_em,ccmx_110022|2026年2季度股票投资明细|000596.SZ,aggregated_observation,third_party_aggregator_unverified
FUND_HOLDING_8b64d4bad4e0c818ca0c,PUBLIC_FUND_110022,603288.SH,2026-06-30,388092300.0,CNY,source_fund_portfolio_scope_unknown,0.04,2026-07-21T23:59:59+08:00,available_after_announcement_date_end,Eastmoney fund holdings via AkShare fund_portfolio_hold_em,ccmx_110022|2026年2季度股票投资明细|603288.SH,aggregated_observation,third_party_aggregator_unverified
FUND_HOLDING_be3a1414a7aa177ffff8,PUBLIC_FUND_005827,600519.SH,2026-03-31,2656400000.0,CNY,source_fund_portfolio_scope_unknown,0.0991,2026-04-22T23:59:59+08:00,available_after_announcement_date_end,Eastmoney fund holdings via AkShare fund_portfolio_hold_em,ccmx_005827|2026年1季度股票投资明细|600519.SH,aggregated_observation,third_party_aggregator_unverified
FUND_HOLDING_03d1e2c902f059883b87,PUBLIC_FUND_005827,000858.SZ,2026-03-31,2651973600.0,CNY,source_fund_portfolio_scope_unknown,0.099,2026-04-22T23:59:59+08:00,available_after_announcement_date_end,Eastmoney fund holdings via AkShare fund_portfolio_hold_em,ccmx_005827|2026年1季度股票投资明细|000858.SZ,aggregated_observation,third_party_aggregator_unverified
FUND_HOLDING_20c18b15da4dbfab06e3,PUBLIC_FUND_005827,000568.SZ,2026-03-31,2643170000.0,CNY,source_fund_portfolio_scope_unknown,0.0987,2026-04-22T23:59:59+08:00,available_after_announcement_date_end,Eastmoney fund holdings via AkShare fund_portfolio_hold_em,ccmx_005827|2026年1季度股票投资明细|000568.SZ,aggregated_observation,third_party_aggregator_unverified
FUND_HOLDING_3e7bae91eb094fb832da,PUBLIC_FUND_005827,00700.HK,2026-03-31,2571779100.0,CNY,source_fund_portfolio_scope_unknown,0.096,2026-04-22T23:59:59+08:00,available_after_announcement_date_end,Eastmoney fund holdings via AkShare fund_portfolio_hold_em,ccmx_005827|2026年1季度股票投资明细|00700.HK,aggregated_observation,third_party_aggregator_unverified
FUND_HOLDING_ec905c9bc0c8727a3196,PUBLIC_FUND_005827,09987.HK,2026-03-31,2560299900.0,CNY,source_fund_portfolio_scope_unknown,0.0956,2026-04-22T23:59:59+08:00,available_after_announcement_date_end,Eastmoney fund holdings via AkShare fund_portfolio_hold_em,ccmx_005827|2026年1季度股票投资明细|09987.HK,aggregated_observation,third_party_aggregator_unverified
FUND_HOLDING_cb159317dcaa9a20ff72,PUBLIC_FUND_005827,00883.HK,2026-03-31,2487093600.0,CNY,source_fund_portfolio_scope_unknown,0.0928,2026-04-22T23:59:59+08:00,available_after_announcement_date_end,Eastmoney fund holdings via AkShare fund_portfolio_hold_em,ccmx_005827|2026年1季度股票投资明细|00883.HK,aggregated_observation,third_party_aggregator_unverified
FUND_HOLDING_41fd50f0eea7fc584a66,PUBLIC_FUND_005827,600809.SH,2026-03-31,2483528000.0,CNY,source_fund_portfolio_scope_unknown,0.0927,2026-04-22T23:59:59+08:00,available_after_announcement_date_end,Eastmoney fund holdings via AkShare fund_portfolio_hold_em,ccmx_005827|2026年1季度股票投资明细|600809.SH,aggregated_observation,third_party_aggregator_unverified
FUND_HOLDING_62b2f5fb10ab28ae4e98,PUBLIC_FUND_005827,09988.HK,2026-03-31,2469169700.0,CNY,source_fund_portfolio_scope_unknown,0.0922,2026-04-22T23:59:59+08:00,available_after_announcement_date_end,Eastmoney fund holdings via AkShare fund_portfolio_hold_em,ccmx_005827|2026年1季度股票投资明细|09988.HK,aggregated_observation,third_party_aggregator_unverified
FUND_HOLDING_195ef5757eaa5d33a4ef,PUBLIC_FUND_005827,06618.HK,2026-03-31,1175911000.0,CNY,source_fund_portfolio_scope_unknown,0.0439,2026-04-22T23:59:59+08:00,available_after_announcement_date_end,Eastmoney fund holdings via AkShare fund_portfolio_hold_em,ccmx_005827|2026年1季度股票投资明细|06618.HK,aggregated_observation,third_party_aggregator_unverified
FUND_HOLDING_313c6938e3c89982f1be,PUBLIC_FUND_005827,002027.SZ,2026-03-31,1061100000.0,CNY,source_fund_portfolio_scope_unknown,0.0396,2026-04-22T23:59:59+08:00,available_after_announcement_date_end,Eastmoney fund holdings via AkShare fund_portfolio_hold_em,ccmx_005827|2026年1季度股票投资明细|002027.SZ,aggregated_observation,third_party_aggregator_unverified
FUND_HOLDING_172391ef668c2ce4f798,PUBLIC_FUND_005827,00700.HK,2026-06-30,1168624400.0,CNY,source_fund_portfolio_scope_unknown,0.0572,2026-07-21T23:59:59+08:00,available_after_announcement_date_end,Eastmoney fund holdings via AkShare fund_portfolio_hold_em,ccmx_005827|2026年2季度股票投资明细|00700.HK,aggregated_observation,third_party_aggregator_unverified
FUND_HOLDING_d3cffcd07ab0b85017e2,PUBLIC_FUND_005827,600519.SH,2026-06-30,1148147100.0,CNY,source_fund_portfolio_scope_unknown,0.0562,2026-07-21T23:59:59+08:00,available_after_announcement_date_end,Eastmoney fund holdings via AkShare fund_portfolio_hold_em,ccmx_005827|2026年2季度股票投资明细|600519.SH,aggregated_observation,third_party_aggregator_unverified
FUND_HOLDING_4b89c21d6c8c0f8724e8,PUBLIC_FUND_005827,09987.HK,2026-06-30,1120763900.0,CNY,source_fund_portfolio_scope_unknown,0.0549,2026-07-21T23:59:59+08:00,available_after_announcement_date_end,Eastmoney fund holdings via AkShare fund_portfolio_hold_em,ccmx_005827|2026年2季度股票投资明细|09987.HK,aggregated_observation,third_party_aggregator_unverified
FUND_HOLDING_1ea6eb5472cf2fe8589a,PUBLIC_FUND_005827,00883.HK,2026-06-30,1040404800.0,CNY,source_fund_portfolio_scope_unknown,0.051,2026-07-21T23:59:59+08:00,available_after_announcement_date_end,Eastmoney fund holdings via AkShare fund_portfolio_hold_em,ccmx_005827|2026年2季度股票投资明细|00883.HK,aggregated_observation,third_party_aggregator_unverified
FUND_HOLDING_5a9472b434ccaa2bd92d,PUBLIC_FUND_005827,000568.SZ,2026-06-30,944202300.0,CNY,source_fund_portfolio_scope_unknown,0.0462,2026-07-21T23:59:59+08:00,available_after_announcement_date_end,Eastmoney fund holdings via AkShare fund_portfolio_hold_em,ccmx_005827|2026年2季度股票投资明细|000568.SZ,aggregated_observation,third_party_aggregator_unverified
FUND_HOLDING_42d9525a126d22e90fa1,PUBLIC_FUND_005827,000858.SZ,2026-06-30,557227300.0,CNY,source_fund_portfolio_scope_unknown,0.0273,2026-07-21T23:59:59+08:00,available_after_announcement_date_end,Eastmoney fund holdings via AkShare fund_portfolio_hold_em,ccmx_005827|2026年2季度股票投资明细|000858.SZ,aggregated_observation,third_party_aggregator_unverified
FUND_HOLDING_c6ac367b962f8f73262e,PUBLIC_FUND_005827,600809.SH,2026-06-30,552318500.0,CNY,source_fund_portfolio_scope_unknown,0.0271,2026-07-21T23:59:59+08:00,available_after_announcement_date_end,Eastmoney fund holdings via AkShare fund_portfolio_hold_em,ccmx_005827|2026年2季度股票投资明细|600809.SH,aggregated_observation,third_party_aggregator_unverified
FUND_HOLDING_dab164c34d3c8ec1d6e4,PUBLIC_FUND_005827,00981.HK,2026-06-30,477537500.0,CNY,source_fund_portfolio_scope_unknown,0.0234,2026-07-21T23:59:59+08:00,available_after_announcement_date_end,Eastmoney fund holdings via AkShare fund_portfolio_hold_em,ccmx_005827|2026年2季度股票投资明细|00981.HK,aggregated_observation,third_party_aggregator_unverified
FUND_HOLDING_1b60b536964af2763302,PUBLIC_FUND_005827,002384.SZ,2026-06-30,477477000.0,CNY,source_fund_portfolio_scope_unknown,0.0234,2026-07-21T23:59:59+08:00,available_after_announcement_date_end,Eastmoney fund holdings via AkShare fund_portfolio_hold_em,ccmx_005827|2026年2季度股票投资明细|002384.SZ,aggregated_observation,third_party_aggregator_unverified
FUND_HOLDING_e3b197bfd1731a6aefdd,PUBLIC_FUND_005827,09988.HK,2026-06-30,466127300.0,CNY,source_fund_portfolio_scope_unknown,0.0228,2026-07-21T23:59:59+08:00,available_after_announcement_date_end,Eastmoney fund holdings via AkShare fund_portfolio_hold_em,ccmx_005827|2026年2季度股票投资明细|09988.HK,aggregated_observation,third_party_aggregator_unverified
FUND_HOLDING_44ca41378e13aed1435c,PUBLIC_FUND_260108,600519.SH,2026-03-31,1318920000.0,CNY,source_fund_portfolio_scope_unknown,0.0993,2026-04-22T23:59:59+08:00,available_after_announcement_date_end,Eastmoney fund holdings via AkShare fund_portfolio_hold_em,ccmx_260108|2026年1季度股票投资明细|600519.SH,aggregated_observation,third_party_aggregator_unverified
FUND_HOLDING_bf533b147a07e277fe70,PUBLIC_FUND_260108,002311.SZ,2026-03-31,1225326000.0,CNY,source_fund_portfolio_scope_unknown,0.0923,2026-04-22T23:59:59+08:00,available_after_announcement_date_end,Eastmoney fund holdings via AkShare fund_portfolio_hold_em,ccmx_260108|2026年1季度股票投资明细|002311.SZ,aggregated_observation,third_party_aggregator_unverified
FUND_HOLDING_9bd6f27aa0f0be2c0daa,PUBLIC_FUND_260108,000333.SZ,2026-03-31,992550000.0,CNY,source_fund_portfolio_scope_unknown,0.0748,2026-04-22T23:59:59+08:00,available_after_announcement_date_end,Eastmoney fund holdings via AkShare fund_portfolio_hold_em,ccmx_260108|2026年1季度股票投资明细|000333.SZ,aggregated_observation,third_party_aggregator_unverified
FUND_HOLDING_289a005d80e50349201f,PUBLIC_FUND_260108,603259.SH,2026-03-31,981000500.0,CNY,source_fund_portfolio_scope_unknown,0.0739,2026-04-22T23:59:59+08:00,available_after_announcement_date_end,Eastmoney fund holdings via AkShare fund_portfolio_hold_em,ccmx_260108|2026年1季度股票投资明细|603259.SH,aggregated_observation,third_party_aggregator_unverified
FUND_HOLDING_8983626180d3b46ae497,PUBLIC_FUND_260108,601888.SH,2026-03-31,978282000.0,CNY,source_fund_portfolio_scope_unknown,0.0737,2026-04-22T23:59:59+08:00,available_after_announcement_date_end,Eastmoney fund holdings via AkShare fund_portfolio_hold_em,ccmx_260108|2026年1季度股票投资明细|601888.SH,aggregated_observation,third_party_aggregator_unverified
FUND_HOLDING_9a609abeeb73739d242e,PUBLIC_FUND_260108,600809.SH,2026-03-31,944196000.0,CNY,source_fund_portfolio_scope_unknown,0.0711,2026-04-22T23:59:59+08:00,available_after_announcement_date_end,Eastmoney fund holdings via AkShare fund_portfolio_hold_em,ccmx_260108|2026年1季度股票投资明细|600809.SH,aggregated_observation,third_party_aggregator_unverified
FUND_HOLDING_e71cad389d99e46bf02c,PUBLIC_FUND_260108,603899.SH,2026-03-31,737884000.0,CNY,source_fund_portfolio_scope_unknown,0.0556,2026-04-22T23:59:59+08:00,available_after_announcement_date_end,Eastmoney fund holdings via AkShare fund_portfolio_hold_em,ccmx_260108|2026年1季度股票投资明细|603899.SH,aggregated_observation,third_party_aggregator_unverified
FUND_HOLDING_29e9c8db0dcc003cedf8,PUBLIC_FUND_260108,000858.SZ,2026-03-31,733217000.0,CNY,source_fund_portfolio_scope_unknown,0.0552,2026-04-22T23:59:59+08:00,available_after_announcement_date_end,Eastmoney fund holdings via AkShare fund_portfolio_hold_em,ccmx_260108|2026年1季度股票投资明细|000858.SZ,aggregated_observation,third_party_aggregator_unverified
FUND_HOLDING_f7e5320f56565b2c59d0,PUBLIC_FUND_260108,000568.SZ,2026-03-31,680420000.0,CNY,source_fund_portfolio_scope_unknown,0.0512,2026-04-22T23:59:59+08:00,available_after_announcement_date_end,Eastmoney fund holdings via AkShare fund_portfolio_hold_em,ccmx_260108|2026年1季度股票投资明细|000568.SZ,aggregated_observation,third_party_aggregator_unverified
FUND_HOLDING_3b2fd3521b6365b97509,PUBLIC_FUND_260108,300760.SZ,2026-03-31,658640000.0,CNY,source_fund_portfolio_scope_unknown,0.0496,2026-04-22T23:59:59+08:00,available_after_announcement_date_end,Eastmoney fund holdings via AkShare fund_portfolio_hold_em,ccmx_260108|2026年1季度股票投资明细|300760.SZ,aggregated_observation,third_party_aggregator_unverified
FUND_HOLDING_4de1feba6dd0f9ed47f3,PUBLIC_FUND_260108,603259.SH,2026-06-30,1064560500.0,CNY,source_fund_portfolio_scope_unknown,0.0989,2026-07-21T23:59:59+08:00,available_after_announcement_date_end,Eastmoney fund holdings via AkShare fund_portfolio_hold_em,ccmx_260108|2026年2季度股票投资明细|603259.SH,aggregated_observation,third_party_aggregator_unverified
FUND_HOLDING_787ca6fae500ef8c471a,PUBLIC_FUND_260108,600519.SH,2026-06-30,1031376300.0,CNY,source_fund_portfolio_scope_unknown,0.0958,2026-07-21T23:59:59+08:00,available_after_announcement_date_end,Eastmoney fund holdings via AkShare fund_portfolio_hold_em,ccmx_260108|2026年2季度股票投资明细|600519.SH,aggregated_observation,third_party_aggregator_unverified
FUND_HOLDING_b236600ed7c600fd6e25,PUBLIC_FUND_260108,000333.SZ,2026-06-30,981890000.0,CNY,source_fund_portfolio_scope_unknown,0.0912,2026-07-21T23:59:59+08:00,available_after_announcement_date_end,Eastmoney fund holdings via AkShare fund_portfolio_hold_em,ccmx_260108|2026年2季度股票投资明细|000333.SZ,aggregated_observation,third_party_aggregator_unverified
FUND_HOLDING_8d2fb828db9e0ceaa6f2,PUBLIC_FUND_260108,002311.SZ,2026-06-30,771753000.0,CNY,source_fund_portfolio_scope_unknown,0.0717,2026-07-21T23:59:59+08:00,available_after_announcement_date_end,Eastmoney fund holdings via AkShare fund_portfolio_hold_em,ccmx_260108|2026年2季度股票投资明细|002311.SZ,aggregated_observation,third_party_aggregator_unverified
FUND_HOLDING_b8bfde8127df3238d6c7,PUBLIC_FUND_260108,603899.SH,2026-06-30,544632000.0,CNY,source_fund_portfolio_scope_unknown,0.0506,2026-07-21T23:59:59+08:00,available_after_announcement_date_end,Eastmoney fund holdings via AkShare fund_portfolio_hold_em,ccmx_260108|2026年2季度股票投资明细|603899.SH,aggregated_observation,third_party_aggregator_unverified
FUND_HOLDING_341dd48b2d240108f1e5,PUBLIC_FUND_260108,002415.SZ,2026-06-30,513000000.0,CNY,source_fund_portfolio_scope_unknown,0.0477,2026-07-21T23:59:59+08:00,available_after_announcement_date_end,Eastmoney fund holdings via AkShare fund_portfolio_hold_em,ccmx_260108|2026年2季度股票投资明细|002415.SZ,aggregated_observation,third_party_aggregator_unverified
FUND_HOLDING_b2e894ac2daccbeb235b,PUBLIC_FUND_260108,300750.SZ,2026-06-30,474323800.0,CNY,source_fund_portfolio_scope_unknown,0.0441,2026-07-21T23:59:59+08:00,available_after_announcement_date_end,Eastmoney fund holdings via AkShare fund_portfolio_hold_em,ccmx_260108|2026年2季度股票投资明细|300750.SZ,aggregated_observation,third_party_aggregator_unverified
FUND_HOLDING_5414d40ed8a88aac6e24,PUBLIC_FUND_260108,600809.SH,2026-06-30,437480000.0,CNY,source_fund_portfolio_scope_unknown,0.0406,2026-07-21T23:59:59+08:00,available_after_announcement_date_end,Eastmoney fund holdings via AkShare fund_portfolio_hold_em,ccmx_260108|2026年2季度股票投资明细|600809.SH,aggregated_observation,third_party_aggregator_unverified
FUND_HOLDING_5d5943ec5dfb549f2160,PUBLIC_FUND_260108,000596.SZ,2026-06-30,413364000.0,CNY,source_fund_portfolio_scope_unknown,0.0384,2026-07-21T23:59:59+08:00,available_after_announcement_date_end,Eastmoney fund holdings via AkShare fund_portfolio_hold_em,ccmx_260108|2026年2季度股票投资明细|000596.SZ,aggregated_observation,third_party_aggregator_unverified
FUND_HOLDING_b63779362d1898cefa39,PUBLIC_FUND_260108,600887.SH,2026-06-30,407320000.0,CNY,source_fund_portfolio_scope_unknown,0.0378,2026-07-21T23:59:59+08:00,available_after_announcement_date_end,Eastmoney fund holdings via AkShare fund_portfolio_hold_em,ccmx_260108|2026年2季度股票投资明细|600887.SH,aggregated_observation,third_party_aggregator_unverified
FUND_HOLDING_b41e26977e0fed132933,PUBLIC_FUND_161725,600519.SH,2026-03-31,7370866200.0,CNY,source_fund_portfolio_scope_unknown,0.1833,2026-04-22T23:59:59+08:00,available_after_announcement_date_end,Eastmoney fund holdings via AkShare fund_portfolio_hold_em,ccmx_161725|2026年1季度股票投资明细|600519.SH,aggregated_observation,third_party_aggregator_unverified
FUND_HOLDING_3e50978d10089cacf9b5,PUBLIC_FUND_161725,000858.SZ,2026-03-31,6490413100.0,CNY,source_fund_portfolio_scope_unknown,0.1614,2026-04-22T23:59:59+08:00,available_after_announcement_date_end,Eastmoney fund holdings via AkShare fund_portfolio_hold_em,ccmx_161725|2026年1季度股票投资明细|000858.SZ,aggregated_observation,third_party_aggregator_unverified
FUND_HOLDING_b627871bcc3ad37f9f12,PUBLIC_FUND_161725,000568.SZ,2026-03-31,5911006600.0,CNY,source_fund_portfolio_scope_unknown,0.147,2026-04-22T23:59:59+08:00,available_after_announcement_date_end,Eastmoney fund holdings via AkShare fund_portfolio_hold_em,ccmx_161725|2026年1季度股票投资明细|000568.SZ,aggregated_observation,third_party_aggregator_unverified
FUND_HOLDING_3b50194eb44986fde68f,PUBLIC_FUND_161725,600809.SH,2026-03-31,5759174300.0,CNY,source_fund_portfolio_scope_unknown,0.1432,2026-04-22T23:59:59+08:00,available_after_announcement_date_end,Eastmoney fund holdings via AkShare fund_portfolio_hold_em,ccmx_161725|2026年1季度股票投资明细|600809.SH,aggregated_observation,third_party_aggregator_unverified
FUND_HOLDING_e086bf1c6eff19895554,PUBLIC_FUND_161725,002304.SZ,2026-03-31,3113401800.0,CNY,source_fund_portfolio_scope_unknown,0.0774,2026-04-22T23:59:59+08:00,available_after_announcement_date_end,Eastmoney fund holdings via AkShare fund_portfolio_hold_em,ccmx_161725|2026年1季度股票投资明细|002304.SZ,aggregated_observation,third_party_aggregator_unverified
FUND_HOLDING_2e382f13e4c743bb06fc,PUBLIC_FUND_161725,000596.SZ,2026-03-31,1814470200.0,CNY,source_fund_portfolio_scope_unknown,0.0451,2026-04-22T23:59:59+08:00,available_after_announcement_date_end,Eastmoney fund holdings via AkShare fund_portfolio_hold_em,ccmx_161725|2026年1季度股票投资明细|000596.SZ,aggregated_observation,third_party_aggregator_unverified
FUND_HOLDING_36cbcdd22b65a82520b3,PUBLIC_FUND_161725,603369.SH,2026-03-31,1635428400.0,CNY,source_fund_portfolio_scope_unknown,0.0407,2026-04-22T23:59:59+08:00,available_after_announcement_date_end,Eastmoney fund holdings via AkShare fund_portfolio_hold_em,ccmx_161725|2026年1季度股票投资明细|603369.SH,aggregated_observation,third_party_aggregator_unverified
FUND_HOLDING_1132bee86e4cb3e5aa4e,PUBLIC_FUND_161725,603198.SH,2026-03-31,916628700.0,CNY,source_fund_portfolio_scope_unknown,0.0228,2026-04-22T23:59:59+08:00,available_after_announcement_date_end,Eastmoney fund holdings via AkShare fund_portfolio_hold_em,ccmx_161725|2026年1季度股票投资明细|603198.SH,aggregated_observation,third_party_aggregator_unverified
FUND_HOLDING_4c1195e045aee7f0021e,PUBLIC_FUND_161725,600702.SH,2026-03-31,744038800.0,CNY,source_fund_portfolio_scope_unknown,0.0185,2026-04-22T23:59:59+08:00,available_after_announcement_date_end,Eastmoney fund holdings via AkShare fund_portfolio_hold_em,ccmx_161725|2026年1季度股票投资明细|600702.SH,aggregated_observation,third_party_aggregator_unverified
FUND_HOLDING_4a3562b95db616813a66,PUBLIC_FUND_161725,603589.SH,2026-03-31,733086000.0,CNY,source_fund_portfolio_scope_unknown,0.0182,2026-04-22T23:59:59+08:00,available_after_announcement_date_end,Eastmoney fund holdings via AkShare fund_portfolio_hold_em,ccmx_161725|2026年1季度股票投资明细|603589.SH,aggregated_observation,third_party_aggregator_unverified
FUND_HOLDING_cf7573a02ee6ff369c91,PUBLIC_FUND_161725,600519.SH,2026-06-30,5408749500.0,CNY,source_fund_portfolio_scope_unknown,0.1728,2026-07-21T23:59:59+08:00,available_after_announcement_date_end,Eastmoney fund holdings via AkShare fund_portfolio_hold_em,ccmx_161725|2026年2季度股票投资明细|600519.SH,aggregated_observation,third_party_aggregator_unverified
FUND_HOLDING_4a172999ee92064247c3,PUBLIC_FUND_161725,600809.SH,2026-06-30,4755754400.0,CNY,source_fund_portfolio_scope_unknown,0.1519,2026-07-21T23:59:59+08:00,available_after_announcement_date_end,Eastmoney fund holdings via AkShare fund_portfolio_hold_em,ccmx_161725|2026年2季度股票投资明细|600809.SH,aggregated_observation,third_party_aggregator_unverified
FUND_HOLDING_69562251f2c6ea35aae0,PUBLIC_FUND_161725,000568.SZ,2026-06-30,4706018700.0,CNY,source_fund_portfolio_scope_unknown,0.1503,2026-07-21T23:59:59+08:00,available_after_announcement_date_end,Eastmoney fund holdings via AkShare fund_portfolio_hold_em,ccmx_161725|2026年2季度股票投资明细|000568.SZ,aggregated_observation,third_party_aggregator_unverified
FUND_HOLDING_0dc3a0e3ee4ffe5d8861,PUBLIC_FUND_161725,000858.SZ,2026-06-30,4450933600.0,CNY,source_fund_portfolio_scope_unknown,0.1422,2026-07-21T23:59:59+08:00,available_after_announcement_date_end,Eastmoney fund holdings via AkShare fund_portfolio_hold_em,ccmx_161725|2026年2季度股票投资明细|000858.SZ,aggregated_observation,third_party_aggregator_unverified
FUND_HOLDING_2d442651c2cca37dcb09,PUBLIC_FUND_161725,002304.SZ,2026-06-30,2465915100.0,CNY,source_fund_portfolio_scope_unknown,0.0788,2026-07-21T23:59:59+08:00,available_after_announcement_date_end,Eastmoney fund holdings via AkShare fund_portfolio_hold_em,ccmx_161725|2026年2季度股票投资明细|002304.SZ,aggregated_observation,third_party_aggregator_unverified
FUND_HOLDING_b611527b7827bb49a332,PUBLIC_FUND_161725,000596.SZ,2026-06-30,1520798700.0,CNY,source_fund_portfolio_scope_unknown,0.0486,2026-07-21T23:59:59+08:00,available_after_announcement_date_end,Eastmoney fund holdings via AkShare fund_portfolio_hold_em,ccmx_161725|2026年2季度股票投资明细|000596.SZ,aggregated_observation,third_party_aggregator_unverified
FUND_HOLDING_942f289955294d6adede,PUBLIC_FUND_161725,603369.SH,2026-06-30,1463245600.0,CNY,source_fund_portfolio_scope_unknown,0.0467,2026-07-21T23:59:59+08:00,available_after_announcement_date_end,Eastmoney fund holdings via AkShare fund_portfolio_hold_em,ccmx_161725|2026年2季度股票投资明细|603369.SH,aggregated_observation,third_party_aggregator_unverified
FUND_HOLDING_266ba2bd9e5464ecca1e,PUBLIC_FUND_161725,603198.SH,2026-06-30,852073300.0,CNY,source_fund_portfolio_scope_unknown,0.0272,2026-07-21T23:59:59+08:00,available_after_announcement_date_end,Eastmoney fund holdings via AkShare fund_portfolio_hold_em,ccmx_161725|2026年2季度股票投资明细|603198.SH,aggregated_observation,third_party_aggregator_unverified
FUND_HOLDING_e56213c3e830fbc947ca,PUBLIC_FUND_161725,000799.SZ,2026-06-30,696903700.0,CNY,source_fund_portfolio_scope_unknown,0.0223,2026-07-21T23:59:59+08:00,available_after_announcement_date_end,Eastmoney fund holdings via AkShare fund_portfolio_hold_em,ccmx_161725|2026年2季度股票投资明细|000799.SZ,aggregated_observation,third_party_aggregator_unverified
FUND_HOLDING_0765bc75f60ec1f69544,PUBLIC_FUND_161725,600702.SH,2026-06-30,584931000.0,CNY,source_fund_portfolio_scope_unknown,0.0187,2026-07-21T23:59:59+08:00,available_after_announcement_date_end,Eastmoney fund holdings via AkShare fund_portfolio_hold_em,ccmx_161725|2026年2季度股票投资明细|600702.SH,aggregated_observation,third_party_aggregator_unverified
FUND_HOLDING_f7dff4f63cf68f25a172,PUBLIC_FUND_003096,603259.SH,2026-03-31,2547373000.0,CNY,source_fund_portfolio_scope_unknown,0.1008,2026-04-22T23:59:59+08:00,available_after_announcement_date_end,Eastmoney fund holdings via AkShare fund_portfolio_hold_em,ccmx_003096|2026年1季度股票投资明细|603259.SH,aggregated_observation,third_party_aggregator_unverified
FUND_HOLDING_9d0b22085e6e304035f0,PUBLIC_FUND_003096,600276.SH,2026-03-31,2460943400.0,CNY,source_fund_portfolio_scope_unknown,0.0974,2026-04-22T23:59:59+08:00,available_after_announcement_date_end,Eastmoney fund holdings via AkShare fund_portfolio_hold_em,ccmx_003096|2026年1季度股票投资明细|600276.SH,aggregated_observation,third_party_aggregator_unverified
FUND_HOLDING_7f2167b4e070aab2a403,PUBLIC_FUND_003096,300759.SZ,2026-03-31,1910898500.0,CNY,source_fund_portfolio_scope_unknown,0.0756,2026-04-22T23:59:59+08:00,available_after_announcement_date_end,Eastmoney fund holdings via AkShare fund_portfolio_hold_em,ccmx_003096|2026年1季度股票投资明细|300759.SZ,aggregated_observation,third_party_aggregator_unverified
FUND_HOLDING_63f2a8aecd01b28acc88,PUBLIC_FUND_003096,002821.SZ,2026-03-31,1807650100.0,CNY,source_fund_portfolio_scope_unknown,0.0715,2026-04-22T23:59:59+08:00,available_after_announcement_date_end,Eastmoney fund holdings via AkShare fund_portfolio_hold_em,ccmx_003096|2026年1季度股票投资明细|002821.SZ,aggregated_observation,third_party_aggregator_unverified
FUND_HOLDING_979b0c8065bb43273c94,PUBLIC_FUND_003096,002653.SZ,2026-03-31,1634276900.0,CNY,source_fund_portfolio_scope_unknown,0.0647,2026-04-22T23:59:59+08:00,available_after_announcement_date_end,Eastmoney fund holdings via AkShare fund_portfolio_hold_em,ccmx_003096|2026年1季度股票投资明细|002653.SZ,aggregated_observation,third_party_aggregator_unverified
FUND_HOLDING_566f0cd068333f8907aa,PUBLIC_FUND_003096,688506.SH,2026-03-31,1610799800.0,CNY,source_fund_portfolio_scope_unknown,0.0637,2026-04-22T23:59:59+08:00,available_after_announcement_date_end,Eastmoney fund holdings via AkShare fund_portfolio_hold_em,ccmx_003096|2026年1季度股票投资明细|688506.SH,aggregated_observation,third_party_aggregator_unverified
FUND_HOLDING_4788ced92105a35d9c3a,PUBLIC_FUND_003096,002422.SZ,2026-03-31,1454664700.0,CNY,source_fund_portfolio_scope_unknown,0.0576,2026-04-22T23:59:59+08:00,available_after_announcement_date_end,Eastmoney fund holdings via AkShare fund_portfolio_hold_em,ccmx_003096|2026年1季度股票投资明细|002422.SZ,aggregated_observation,third_party_aggregator_unverified
FUND_HOLDING_4b4227c9ec40b27ee22f,PUBLIC_FUND_003096,002294.SZ,2026-03-31,1445371500.0,CNY,source_fund_portfolio_scope_unknown,0.0572,2026-04-22T23:59:59+08:00,available_after_announcement_date_end,Eastmoney fund holdings via AkShare fund_portfolio_hold_em,ccmx_003096|2026年1季度股票投资明细|002294.SZ,aggregated_observation,third_party_aggregator_unverified
FUND_HOLDING_d5017ea182b3c28a5cf4,PUBLIC_FUND_003096,300347.SZ,2026-03-31,1434263400.0,CNY,source_fund_portfolio_scope_unknown,0.0568,2026-04-22T23:59:59+08:00,available_after_announcement_date_end,Eastmoney fund holdings via AkShare fund_portfolio_hold_em,ccmx_003096|2026年1季度股票投资明细|300347.SZ,aggregated_observation,third_party_aggregator_unverified
FUND_HOLDING_c1ba5730ebea1698892e,PUBLIC_FUND_003096,688578.SH,2026-03-31,798141000.0,CNY,source_fund_portfolio_scope_unknown,0.0316,2026-04-22T23:59:59+08:00,available_after_announcement_date_end,Eastmoney fund holdings via AkShare fund_portfolio_hold_em,ccmx_003096|2026年1季度股票投资明细|688578.SH,aggregated_observation,third_party_aggregator_unverified
FUND_HOLDING_b5591e69aedacb5080c9,PUBLIC_FUND_003096,002821.SZ,2026-06-30,2618164900.0,CNY,source_fund_portfolio_scope_unknown,0.1057,2026-07-21T23:59:59+08:00,available_after_announcement_date_end,Eastmoney fund holdings via AkShare fund_portfolio_hold_em,ccmx_003096|2026年2季度股票投资明细|002821.SZ,aggregated_observation,third_party_aggregator_unverified
FUND_HOLDING_6206c653826387b2fcd6,PUBLIC_FUND_003096,688506.SH,2026-06-30,2450232000.0,CNY,source_fund_portfolio_scope_unknown,0.0989,2026-07-21T23:59:59+08:00,available_after_announcement_date_end,Eastmoney fund holdings via AkShare fund_portfolio_hold_em,ccmx_003096|2026年2季度股票投资明细|688506.SH,aggregated_observation,third_party_aggregator_unverified
FUND_HOLDING_7790fcc539a9b92c998c,PUBLIC_FUND_003096,600276.SH,2026-06-30,2441669500.0,CNY,source_fund_portfolio_scope_unknown,0.0986,2026-07-21T23:59:59+08:00,available_after_announcement_date_end,Eastmoney fund holdings via AkShare fund_portfolio_hold_em,ccmx_003096|2026年2季度股票投资明细|600276.SH,aggregated_observation,third_party_aggregator_unverified
FUND_HOLDING_7926d174bd3ac3a96ef4,PUBLIC_FUND_003096,603259.SH,2026-06-30,2440578900.0,CNY,source_fund_portfolio_scope_unknown,0.0985,2026-07-21T23:59:59+08:00,available_after_announcement_date_end,Eastmoney fund holdings via AkShare fund_portfolio_hold_em,ccmx_003096|2026年2季度股票投资明细|603259.SH,aggregated_observation,third_party_aggregator_unverified
FUND_HOLDING_0bf3d6dfbf230067828c,PUBLIC_FUND_003096,002653.SZ,2026-06-30,2135548900.0,CNY,source_fund_portfolio_scope_unknown,0.0862,2026-07-21T23:59:59+08:00,available_after_announcement_date_end,Eastmoney fund holdings via AkShare fund_portfolio_hold_em,ccmx_003096|2026年2季度股票投资明细|002653.SZ,aggregated_observation,third_party_aggregator_unverified
FUND_HOLDING_005081318c14a89718e1,PUBLIC_FUND_003096,300759.SZ,2026-06-30,2094182200.0,CNY,source_fund_portfolio_scope_unknown,0.0845,2026-07-21T23:59:59+08:00,available_after_announcement_date_end,Eastmoney fund holdings via AkShare fund_portfolio_hold_em,ccmx_003096|2026年2季度股票投资明细|300759.SZ,aggregated_observation,third_party_aggregator_unverified
FUND_HOLDING_21f0216766936cd309b6,PUBLIC_FUND_003096,002422.SZ,2026-06-30,2015574800.0,CNY,source_fund_portfolio_scope_unknown,0.0814,2026-07-21T23:59:59+08:00,available_after_announcement_date_end,Eastmoney fund holdings via AkShare fund_portfolio_hold_em,ccmx_003096|2026年2季度股票投资明细|002422.SZ,aggregated_observation,third_party_aggregator_unverified
FUND_HOLDING_643621a60f1382d354b5,PUBLIC_FUND_003096,300347.SZ,2026-06-30,1073470300.0,CNY,source_fund_portfolio_scope_unknown,0.0433,2026-07-21T23:59:59+08:00,available_after_announcement_date_end,Eastmoney fund holdings via AkShare fund_portfolio_hold_em,ccmx_003096|2026年2季度股票投资明细|300347.SZ,aggregated_observation,third_party_aggregator_unverified
FUND_HOLDING_873d14f00b889f70f1a2,PUBLIC_FUND_003096,688578.SH,2026-06-30,835266000.0,CNY,source_fund_portfolio_scope_unknown,0.0337,2026-07-21T23:59:59+08:00,available_after_announcement_date_end,Eastmoney fund holdings via AkShare fund_portfolio_hold_em,ccmx_003096|2026年2季度股票投资明细|688578.SH,aggregated_observation,third_party_aggregator_unverified
FUND_HOLDING_0d1abaa985835471f0c7,PUBLIC_FUND_003096,688180.SH,2026-06-30,500922600.0,CNY,source_fund_portfolio_scope_unknown,0.0202,2026-07-21T23:59:59+08:00,available_after_announcement_date_end,Eastmoney fund holdings via AkShare fund_portfolio_hold_em,ccmx_003096|2026年2季度股票投资明细|688180.SH,aggregated_observation,third_party_aggregator_unverified
