relation_id,capital_pool_id,controller_id,control_role,valid_from,valid_to,control_share,available_time,evidence_kind,source,source_record_id,confidence,quality_status
CONTROL_RELATION_cc9fb7c779f9895a6cd3,PUBLIC_FUND_000001,CONTROLLER_ORG_1fcdf01e7a3cb60162e3,mandate_decision_maker,,,,2026-08-17T10:38:09+08:00,aggregated_observation,Eastmoney fund overview via AkShare fund_overview_em,jbgk_000001,medium_unverified,third_party_aggregator_unverified
CONTROL_RELATION_e1489f8f10ee5a2ce55b,PUBLIC_FUND_000001,CONTROLLER_CUSTODIAN_15df9e55adb60aea017c,custodian_nominee,,,,2026-08-17T10:38:09+08:00,aggregated_observation,Eastmoney fund overview via AkShare fund_overview_em,jbgk_000001,medium_unverified,third_party_aggregator_unverified
CONTROL_RELATION_7735287ced155818bf70,PUBLIC_FUND_000001,CONTROLLER_PERSON_7df0ddbc44f801e576d8,mandate_decision_maker,,,,2026-08-17T10:38:09+08:00,aggregated_observation,Eastmoney fund overview via AkShare fund_overview_em,jbgk_000001,medium_unverified,third_party_aggregator_unverified
CONTROL_RELATION_30499a7862e6316e9401,PUBLIC_FUND_000001,CONTROLLER_PERSON_3e92ab562a5bbd459b24,mandate_decision_maker,,,,2026-08-17T10:38:09+08:00,aggregated_observation,Eastmoney fund overview via AkShare fund_overview_em,jbgk_000001,medium_unverified,third_party_aggregator_unverified
CONTROL_RELATION_19b57fd446e462c2c2dc,PUBLIC_FUND_110022,CONTROLLER_ORG_361f32b3645bd85e7809,mandate_decision_maker,,,,2026-08-17T10:38:09+08:00,aggregated_observation,Eastmoney fund overview via AkShare fund_overview_em,jbgk_110022,medium_unverified,third_party_aggregator_unverified
CONTROL_RELATION_b884a41a5010546a7b0f,PUBLIC_FUND_110022,CONTROLLER_CUSTODIAN_6cdbb4c544ba1e21a596,custodian_nominee,,,,2026-08-17T10:38:09+08:00,aggregated_observation,Eastmoney fund overview via AkShare fund_overview_em,jbgk_110022,medium_unverified,third_party_aggregator_unverified
CONTROL_RELATION_1ffeaabb86c03c48900a,PUBLIC_FUND_110022,CONTROLLER_PERSON_cdb6c2261c61be214e5a,mandate_decision_maker,,,,2026-08-17T10:38:09+08:00,aggregated_observation,Eastmoney fund overview via AkShare fund_overview_em,jbgk_110022,medium_unverified,third_party_aggregator_unverified
CONTROL_RELATION_656cde8a2341db2f4740,PUBLIC_FUND_005827,CONTROLLER_ORG_361f32b3645bd85e7809,mandate_decision_maker,,,,2026-08-17T10:57:41+08:00,aggregated_observation,Eastmoney fund overview via AkShare fund_overview_em,jbgk_005827,medium_unverified,third_party_aggregator_unverified
CONTROL_RELATION_1667b2b11410a6b7f535,PUBLIC_FUND_005827,CONTROLLER_CUSTODIAN_caf76992859b35e99dd1,custodian_nominee,,,,2026-08-17T10:57:41+08:00,aggregated_observation,Eastmoney fund overview via AkShare fund_overview_em,jbgk_005827,medium_unverified,third_party_aggregator_unverified
CONTROL_RELATION_3198c753e92d880aea11,PUBLIC_FUND_005827,CONTROLLER_PERSON_3513860ce76bb036d6a7,mandate_decision_maker,,,,2026-08-17T10:57:41+08:00,aggregated_observation,Eastmoney fund overview via AkShare fund_overview_em,jbgk_005827,medium_unverified,third_party_aggregator_unverified
CONTROL_RELATION_57312008a10290868bb4,PUBLIC_FUND_005827,CONTROLLER_PERSON_8fb1adbbbd4602f58f3d,mandate_decision_maker,,,,2026-08-17T10:57:41+08:00,aggregated_observation,Eastmoney fund overview via AkShare fund_overview_em,jbgk_005827,medium_unverified,third_party_aggregator_unverified
CONTROL_RELATION_dea38e122ba391b640bd,PUBLIC_FUND_005827,CONTROLLER_PERSON_8bb2438f6a4bbc5cbdbb,mandate_decision_maker,,,,2026-08-17T10:57:41+08:00,aggregated_observation,Eastmoney fund overview via AkShare fund_overview_em,jbgk_005827,medium_unverified,third_party_aggregator_unverified
CONTROL_RELATION_8afc9d4f6375e4b3a759,PUBLIC_FUND_260108,CONTROLLER_ORG_18011f0fd86d530ea0d6,mandate_decision_maker,,,,2026-08-17T10:57:41+08:00,aggregated_observation,Eastmoney fund overview via AkShare fund_overview_em,jbgk_260108,medium_unverified,third_party_aggregator_unverified
CONTROL_RELATION_0ae1f1bb46fa85545b67,PUBLIC_FUND_260108,CONTROLLER_CUSTODIAN_e7e901fd1d79de188b9b,custodian_nominee,,,,2026-08-17T10:57:41+08:00,aggregated_observation,Eastmoney fund overview via AkShare fund_overview_em,jbgk_260108,medium_unverified,third_party_aggregator_unverified
CONTROL_RELATION_30758f3c31ccc381ad94,PUBLIC_FUND_260108,CONTROLLER_PERSON_b3ef7211d0a5ab0753b9,mandate_decision_maker,,,,2026-08-17T10:57:41+08:00,aggregated_observation,Eastmoney fund overview via AkShare fund_overview_em,jbgk_260108,medium_unverified,third_party_aggregator_unverified
CONTROL_RELATION_2b2d7acf6a7e4aa28664,PUBLIC_FUND_161725,CONTROLLER_ORG_4cedbc1502b16533af42,mandate_decision_maker,,,,2026-08-17T10:57:41+08:00,aggregated_observation,Eastmoney fund overview via AkShare fund_overview_em,jbgk_161725,medium_unverified,third_party_aggregator_unverified
CONTROL_RELATION_1f478003795545c39c9e,PUBLIC_FUND_161725,CONTROLLER_CUSTODIAN_caf76992859b35e99dd1,custodian_nominee,,,,2026-08-17T10:57:41+08:00,aggregated_observation,Eastmoney fund overview via AkShare fund_overview_em,jbgk_161725,medium_unverified,third_party_aggregator_unverified
CONTROL_RELATION_fc7ddad6adb5e7708791,PUBLIC_FUND_161725,CONTROLLER_PERSON_e32ad32c913dab9e72ed,mandate_decision_maker,,,,2026-08-17T10:57:41+08:00,aggregated_observation,Eastmoney fund overview via AkShare fund_overview_em,jbgk_161725,medium_unverified,third_party_aggregator_unverified
CONTROL_RELATION_8c116228ee23020ad19b,PUBLIC_FUND_003096,CONTROLLER_ORG_f2b3f021a33169b5ceb6,mandate_decision_maker,,,,2026-08-17T10:57:41+08:00,aggregated_observation,Eastmoney fund overview via AkShare fund_overview_em,jbgk_003096,medium_unverified,third_party_aggregator_unverified
CONTROL_RELATION_657ed2aa620210490023,PUBLIC_FUND_003096,CONTROLLER_CUSTODIAN_e7e901fd1d79de188b9b,custodian_nominee,,,,2026-08-17T10:57:41+08:00,aggregated_observation,Eastmoney fund overview via AkShare fund_overview_em,jbgk_003096,medium_unverified,third_party_aggregator_unverified
CONTROL_RELATION_1326b3b9614928ff10bf,PUBLIC_FUND_003096,CONTROLLER_PERSON_6cb680dc72d83d9625f4,mandate_decision_maker,,,,2026-08-17T10:57:41+08:00,aggregated_observation,Eastmoney fund overview via AkShare fund_overview_em,jbgk_003096,medium_unverified,third_party_aggregator_unverified
CONTROL_RELATION_e0be8800b318a5b230a2,PUBLIC_FUND_003096,CONTROLLER_PERSON_aa33f3e88e8f32a87b6d,mandate_decision_maker,,,,2026-08-17T10:57:41+08:00,aggregated_observation,Eastmoney fund overview via AkShare fund_overview_em,jbgk_003096,medium_unverified,third_party_aggregator_unverified
