controller_id,controller_class,display_name,identity_scope,identity_basis,source,source_record_id,available_time,quality_status
CONTROLLER_UNKNOWN,unknown,无法识别的控制主体,aggregate_unresolved,system_reserved_unknown,capital_control_distribution_v1,ontology_seed,2026-08-17T00:00:00+08:00,system_definition
CONTROLLER_ORG_1fcdf01e7a3cb60162e3,fund_management_company,华夏基金,named_organization,third_party_fund_overview,Eastmoney fund overview via AkShare fund_overview_em,jbgk_000001,2026-08-17T10:38:09+08:00,third_party_aggregator_unverified
CONTROLLER_CUSTODIAN_15df9e55adb60aea017c,custodian_nominee,建设银行,named_organization,third_party_fund_overview,Eastmoney fund overview via AkShare fund_overview_em,jbgk_000001,2026-08-17T10:38:09+08:00,third_party_aggregator_unverified
CONTROLLER_PERSON_7df0ddbc44f801e576d8,fund_manager,郑晓辉,named_person_unverified_identity,third_party_fund_overview_name_only,Eastmoney fund overview via AkShare fund_overview_em,jbgk_000001,2026-08-17T10:38:09+08:00,third_party_aggregator_unverified
CONTROLLER_PERSON_3e92ab562a5bbd459b24,fund_manager,刘睿聪,named_person_unverified_identity,third_party_fund_overview_name_only,Eastmoney fund overview via AkShare fund_overview_em,jbgk_000001,2026-08-17T10:38:09+08:00,third_party_aggregator_unverified
CONTROLLER_CUSTODIAN_6cdbb4c544ba1e21a596,custodian_nominee,农业银行,named_organization,third_party_fund_overview,Eastmoney fund overview via AkShare fund_overview_em,jbgk_110022,2026-08-17T10:38:09+08:00,third_party_aggregator_unverified
CONTROLLER_PERSON_cdb6c2261c61be214e5a,fund_manager,萧楠,named_person_unverified_identity,third_party_fund_overview_name_only,Eastmoney fund overview via AkShare fund_overview_em,jbgk_110022,2026-08-17T10:38:09+08:00,third_party_aggregator_unverified
CONTROLLER_ORG_361f32b3645bd85e7809,fund_management_company,易方达基金,named_organization,third_party_fund_overview,Eastmoney fund overview via AkShare fund_overview_em,jbgk_005827,2026-08-17T10:57:41+08:00,third_party_aggregator_unverified
CONTROLLER_PERSON_3513860ce76bb036d6a7,fund_manager,张坤,named_person_unverified_identity,third_party_fund_overview_name_only,Eastmoney fund overview via AkShare fund_overview_em,jbgk_005827,2026-08-17T10:57:41+08:00,third_party_aggregator_unverified
CONTROLLER_PERSON_8fb1adbbbd4602f58f3d,fund_manager,杨思亮,named_person_unverified_identity,third_party_fund_overview_name_only,Eastmoney fund overview via AkShare fund_overview_em,jbgk_005827,2026-08-17T10:57:41+08:00,third_party_aggregator_unverified
CONTROLLER_PERSON_8bb2438f6a4bbc5cbdbb,fund_manager,何一铖,named_person_unverified_identity,third_party_fund_overview_name_only,Eastmoney fund overview via AkShare fund_overview_em,jbgk_005827,2026-08-17T10:57:41+08:00,third_party_aggregator_unverified
CONTROLLER_ORG_18011f0fd86d530ea0d6,fund_management_company,景顺长城基金,named_organization,third_party_fund_overview,Eastmoney fund overview via AkShare fund_overview_em,jbgk_260108,2026-08-17T10:57:41+08:00,third_party_aggregator_unverified
CONTROLLER_PERSON_b3ef7211d0a5ab0753b9,fund_manager,刘彦春,named_person_unverified_identity,third_party_fund_overview_name_only,Eastmoney fund overview via AkShare fund_overview_em,jbgk_260108,2026-08-17T10:57:41+08:00,third_party_aggregator_unverified
CONTROLLER_ORG_4cedbc1502b16533af42,fund_management_company,招商基金,named_organization,third_party_fund_overview,Eastmoney fund overview via AkShare fund_overview_em,jbgk_161725,2026-08-17T10:57:41+08:00,third_party_aggregator_unverified
CONTROLLER_CUSTODIAN_caf76992859b35e99dd1,custodian_nominee,中国银行,named_organization,third_party_fund_overview,Eastmoney fund overview via AkShare fund_overview_em,jbgk_161725,2026-08-17T10:57:41+08:00,third_party_aggregator_unverified
CONTROLLER_PERSON_e32ad32c913dab9e72ed,fund_manager,侯昊,named_person_unverified_identity,third_party_fund_overview_name_only,Eastmoney fund overview via AkShare fund_overview_em,jbgk_161725,2026-08-17T10:57:41+08:00,third_party_aggregator_unverified
CONTROLLER_ORG_f2b3f021a33169b5ceb6,fund_management_company,中欧基金,named_organization,third_party_fund_overview,Eastmoney fund overview via AkShare fund_overview_em,jbgk_003096,2026-08-17T10:57:41+08:00,third_party_aggregator_unverified
CONTROLLER_CUSTODIAN_e7e901fd1d79de188b9b,custodian_nominee,工商银行,named_organization,third_party_fund_overview,Eastmoney fund overview via AkShare fund_overview_em,jbgk_003096,2026-08-17T10:57:41+08:00,third_party_aggregator_unverified
CONTROLLER_PERSON_6cb680dc72d83d9625f4,fund_manager,葛兰,named_person_unverified_identity,third_party_fund_overview_name_only,Eastmoney fund overview via AkShare fund_overview_em,jbgk_003096,2026-08-17T10:57:41+08:00,third_party_aggregator_unverified
CONTROLLER_PERSON_aa33f3e88e8f32a87b6d,fund_manager,赵磊,named_person_unverified_identity,third_party_fund_overview_name_only,Eastmoney fund overview via AkShare fund_overview_em,jbgk_003096,2026-08-17T10:57:41+08:00,third_party_aggregator_unverified
